marcaId,marca
1,LA ANONIMA
2,SIN MARCA
3,PALADINI
4,LA PAULINA
5,DULCOR
6,VEA
7,CARNEVALLI
8,CRISTAL
9,FRIDEZA
10,MIL USOS
11,HEINZ
12,RAMOLAC
13,CAGNOLI
14,SKITTLES
15,NERDS
16,ARCOR
17,MAZZETTI
18,CASTELMAR
19,ESTEBAN
20,MAYBELLINE
21,EMOLAN
22,KINDER
23,KUHNE
24,KUHNE
25,LOWENBRAU
26,KHUNE
27,KONIG PILSENER
28,BITBURGER
29,NIVEA
30,BECKS
31,LA BLANCA
32,SOL
33,NEGRA MODELO
34,REXONA
35,DOVE
36,CORONA
37,AXE
38,GILLETTE
39,TOBLERONE
40,ILOLAY
41,OFF!
42,NOGALY
43,NOVELTEX
44,CELUSAL
45,TERRABUSI
46,TITA
47,LA LACTEO
48,HORTAL
49,MENTHO PLUS
50,SEDAL
51,BELDENT
52,JORGELIN
53,OBLI BON
54,VIRULANA
55,OPERA
56,BAGLEY
57,SER
58,CANNETTINE
59,MILKA
60,SHIMY
61,LA YAPA
62,HALLS
63,DON FELIPE
64,MINERVA
65,JORGITO
66,LOS CRIADORES
67,LENGUETAZO
68,STANI
69,NEVARES
70,CUSENIER
71,DUBARRY
72,MOGY
73,ROCKLETS
74,OREO
75,CADBURY
76,SAPITO
77,TRES PLUMAS
78,SHOT
79,RAYITO DE SOL
80,PEPITOS
81,CEREAL MIX
82,TOP LINE
83,CACHAFAZ
84,COFLER
85,GEORGALOS
86,GREEN MIST
87,CAPILATIS
88,CARREFOUR
89,VAUQUITA
90,WASSINGTON
91,AGUILA
92,DOLCA
93,OBLITA
94,BON O BON
95,SORIANO
96,MISKY
97,TRIO
98,BONAFIDE
99,TATIN
100,ZAFRAN
101,PLUSBELLE
102,DANETTE
103,SAPOLAN
104,CANDY MIX
105,TOYS
106,FUYI
107,MENTHOPLUS
108,CASANCREM
109,HAMLET
110,TORTUGUITA
111,ZAFRAN
112,SANCORITO
113,TOPLINE
114,PIPAS
115,TIC TAC
116,DANET
117,SERENITO
118,TURIMAR
119,MAPSA
120,BIZNIKKE
121,TOFI
122,GUAYMALLEN
123,GOLONDRINA
124,CALFULEN
125,AMERICAN CLUB
126,CONQUISTADOR
127,LA BANDA
128,RHODESIA
129,FERRERO ROCHER
130,BATON
131,MENTOS
132,GAMUZA
133,ALIJOR
134,MUTTI
135,RAFFAELLO
136,MONINI
137,STREGA
138,DROGHERIA Y ALIMENTARI
139,COLAVITA
140,PONTI
141,GROLSCH
142,COMODIN
143,RED BULL
144,COOPERS
145,MAYOL
146,POOSH
147,EL GIGANTE
148,NATURTRUB
149,BECK'S
150,SOL 
151,MODELO
152,ZILLERTAL
153,OFF!!
154,DANONINO
155,CRIADORES
156,ESPADOL
157,CEREAL FORT
158,LULEMUU
159,REFRESCO 
160,CEREAL MILK
161,SANCOR
162,GUAYMALLEN
163,BEN 10
164,DOS HERMANOS
165,GORDONS
166,NEUTROGENA
167,BACARDI
168,ZARA
169,TABASCO
170,GARLIC
171,SWISS MISS
172,NATURE VALLEY
173,BUDWEISER
174,BULLS
175,OLD SPICE
176,KRAFT
177,BULLS EYES
178,BULL'S EYE
179,SAN ANTONIO
180,SCOTCH BRITE
181,GREEN PLAST
182,WRIGLEYS
183,VO5
184,TRESEMME
185,PIAMONTESA
186,PILARCITO
187,CHAMPION
188,VANOLI
189,BOCATTI
190,SANTA TERESA
191,ZIPLOC
192,FLOR DE CANA
193,HUNTS
194,PLANTERS
195,POND'S
196,HERSHEYS
197,COLGATE
198,HUGGIES
199,GOOD NITES
200,MR CLEAN
201,TIDE
202,REVLON
203,SECRET
204,PRINGLES
205,DREFT
206,DOWNY
207,CASCADE
208,PAMPERS
209,ARIEL
210,WALKERS
211,STARB
212,M&M
213,ALVURA
214,STARBERRY
215,KIKKOMAN
216,FRENCHS
217,BLUE DIAMOND
218,BOOST
219,MARUCHAN
220,NUTIVA
221,LA CHOY
222,CHAOKOH
223,MAE PLOY
224,PETER PAN
225,OLD EL PASO
226,GLADE
227,TETRE MIN
228,TETRA FIN
229,SATIN CARE
230,YBARRA
231,NUBY
232,TEDDY
233,RICHS
234,V8
235,CAMPBELLS
236,PREGO
237,AMOPE
238,A1
239,GREY POUPON
240,DON MARCELLO
241,EVIAN
242,BERNARD
243,PEDIASURE
244,ENSURE
245,TWININGS
246,TIDYCAT
247,BIC
248,BIG
249,SOUR PATCH
250,NUTROGENA
251,CELESTIAL SEASONINGS
252,MONSTER
253,GUM
254,IBERIA
255,TRIM
256,CINZANO
257,APPER
258,XTREMES
259,XTREME
260,AIR HEADS
261,SALLY HANSEN
262,HAAGEN DAZS
263,HAWAIAN 
264,HAWAIIAN TROPIC
265,ACTII
266,LA COSTENA
267,JUMEX
268,RISKY DIT
269,RISKY
270,STRAUS
271,OKCIDENTA
272,GAUTHER
273,SOL PUNTANO
274,DON FADEGA
275,LOS RIOS
276,JESSAMY
277,JACOBSENS
278,ST. IVES
279,ST IVES
280,LA CAMPAGNOLA
281,GREAT VALUE
282,LEE KUM KEE
283,WONKA
284,SWEETARTS
285,BANANA BOAT
286,JAMESON
287,CHIVAS REGAL
288,100 PIPERS
289,SOMETHING SPECIAL
290,ST GERMAIN
291,JIM BEAM
292,JACK DANIELS
293,GRANTS
294,CHANTAINE
295,ROBINSON CRUSOE
296,KETEL ONE
297,MAKERS MARK
298,BAILEYS
299,LUXARDO
300,THW GLENLIVET
301,BELVEDERE
302,CIROC
303,IMPERIAL
304,MALIBU
305,BEEFEATER
306,MASS
307,CRISPY GREEN
308,ECOLIGHT
309,HERBAL ESSENCES
310,VILLARS
311,HUNT'S
312,LINA
313,ORAL B
314,CUTEX
315,COLORSILK
316,COLOR SILK
317,BON AQUA
318,PRINGLOOOALS
319,ILE DE FRANCE
320,OKIS
321,FOAMY
322,JOHNNIE WALKER
323,RIMMEL
324,FRUCTIS
325,BROCHE DE ORO
326,INTIPAN
327,BAMMI
328,SILVIA
329,PATA NEGRA
330,APPLETON ESTATE
331,MACKAYS
332,CEREALSOL
333,LOS RUSITOS
334,LA CUMBRE
335,LA NEGRA
336,MONTECITOS
337,CICATRICURE
338,ASEPXIA
339,GOICOECHEA
340,TIO NACHO
341,TEATRICAL
342,PANTENE
343,CLASSIC WHEELS
344,BEYOND TIME
345,GRABYA
346,UNION GANADERA
347,CHACRA
348,PRIMER PRECIO
349,INTIMA
350,INTIMA
351,VILEDA
352,HUMUS
353,GAROTO
354,SNICKERS
355,KAIKEN
356,AMERICAN HONEY
357,WILD TURKEY
358,GRANJA EL PARQUE
359,PATRON
360,RICARDO SANTOS
361,SPLENDA
362,ARGENTIBIO
363,HERR'S
364,KOLESTON
365,SOFT COLOR
366,GOOSE ISLAND
367,P.A.N.
368,FLORES PUNTANAS
369,ALTO MOLINO
370,TUPAC
371,ROSAURA
372,YOGURADE
373,QUEPROT
374,LACAR
375,DELI BOX
376,GLOW
377,EL PARQUE
378,HONGOS DEL PILAR
379,QUINS
380,PAPA QUICK
381,GRANO DE ORO
382,CRISMELOS
383,CRISMELO
384,RISKY-DIT 
385,RISKY-DIT
386,CRISARI
387,MR MUSCULO
388,CABRALES
389,ACTIVIA
390,CANUELAS
391,LA VICTORIA
392,HOJALMAR
393,MAKE
394,PATAGONIA
395,LEEM
396,LITE
397,BROKERS
398,HERO
399,FITZ ROY
400,SEN CHA
401,JACK DANIEL'S
402,ABSOLUT
403,KING OKF
404,BEIGEL & BEIGEL
405,SAN IGNACIO
406,PETRUS
407,LAS PERDICES
408,KING
409,BULLDOG
410,LA SERENISIMA
411,MANFREY
412,SANTA ROSA
413,BAVARIA
414,SAN LUCIO
415,LACTEAR
416,SOBRERO Y CAGNOLO
417,NUEVALAC
418,CREMAC
419,EL DESTINO
420,VILLA NUEVA
421,CHELITA
422,TREGAR
423,ARROYO CABRAL
424,ESTILO REAL
425,AMPARITO
426,REMANSO
427,TREMBLAY
428,ALTO DEL LEON
429,NUEVO MUNICH
430,CAMPO AUSTRAL
431,TAPALQUE
432,TAPALQUE
433,LA PIAMONTESA
434,SAVOIA
435,LARIO
436,ARTIGAS
437,SAN ALFONSO
438,SAVORA
439,ROMYL
440,DISH MATIC
441,FRUTAFIEL
442,MILKAUT
443,CHACRA 43
444,PORTO BELLO
445,LA DIVISA
446,LOS GAUCHOS
447,ETIQUETA NEGRA
448,NUCETE
449,COMPLEMENTO
450,EL COLONIAL
451,LA TIROLESA
452,MAGNASCO
453,CANUT
454,WAPI
455,FAMILIA GRION
456,EL FRIULANO
457,DOLE
458,214
459,PUNTA DEL AGUA
460,MAGRET
461,FELA
462,PRESIDENT
463,VERONICA
464,ROSENBORG
465,ESNAOLA
466,LABRATTO
467,LA POMPEYA
468,HUELLA NATURAL
469,GRANERO
470,CAMPOS DE ARECO
471,ESPUNA
472,AVICOLA LUJAN
473,CABANA PIEDRAS BLANCAS
474,FRIOLIM
475,EL CAZADOR
476,RIOSMA
477,PREMIUM
478,YAMANI
479,SUINO
480,EL APERO
481,BASMATI
482,ALEM
483,LUCRECIA
484,MP
485,MC
486,DONA AURORA
487,CULTIVO DORADO
488,COSTANZO
489,RICREM
490,CRESTA ROJA
491,VISANI
492,HEINE
493,POLLOLIN
494,VISTO BUENO
495,EL AMANECER
496,DOINA
497,ETIQUETA DORADA
498,PUNETA DEL AGUA
499,EL FAMILIAR
500,HULLA NATURAL
501,GRANJA TRES ARROYOS
502,TRES ARROYOS
503,ECO
504,AVICOLA LUJAN 
505,DON ATILIO
506,SANTA ELENA
507,D'AGEN
508,LA EGIPCIANA
509,EL ARTESANO
510,LA SERENISIMA
511,CHAMEN
512,SADIA
513,PUNTA DE AGUA
514,PAMPANESA
515,MENSA
516,ROGGIANO
517,COTO
518,BLANCANUEZ
519,66
520,JAMBO
521,ESTANCIAS COTO
522,ARTYSAN
523,OLDENBURGER
524,FRIDEVI
525,EL POZO
526,MILAMESA
527,LEGADO
528,LASFOR
529,LA HUERTA TAMBO
530,LA MARIA PILAR
531,NUTRIFOOD
532,PIEDRAS BLANCAS
533,PRIMERA MARCA
534,PAMPA CHEESE
535,EL REY DEL MERENGUE
536,LOURISIERRA
537,EBRO
538,LACTEOS 3L
539,POLYMAT
540,SPALEN
541,MONTESANO
542,LA OCTAVA
543,BONNE VIE
544,GLOBE
545,& LEGADO
546,LA HORQUETA
547,VIGILIA
548,ROCKY
549,WILLIAM'S
550,FRESCO
551,CHILENO
552,SHIM SHIM
553,NOAL
554,CALCHAQUI
555,TROZADA
556,CIUDAD DEL LAGO
557,OLIVIA
558,CIUDAD DE LANUS
559,ECOOP
560,ROUCOMAR
561,LA COLONIA
562,PAULINA
563,SOMBRA DE TORO
564,PICOMAR
565,LA PIU BELLA
566,EL BIERZO
567,LA ANDREA
568,EL TRIGO DE ORO
569,EL CALDEN
570,LA DANESA
571,POLVORIN
572,ROSALAT
573,CERUTTI
574,LA CASONA
575,LA ALEGRIA
576,LA ALEGRIA
577,ATUEL
578,LA QUESERA
579,TIO PUJIO
580,PUYEHUE
581,CASERITO
582,LA NUEVA ERA
583,LABROIER
584,DELLA NONA
585,DORALIC
586,BLASON
587,GRASSETTO
588,4941
589,LAS TRES NINAS
590,LA BOHEME
591,ESTILO ARTESANAL
592,TIO PUJIO
593,POLLOLIN
594,OKITSU
595,DON DECIMO
596,SANTA MARIA
597,SANTA MARIA
598,FOX
599,POLLOLI
600,EMPERADOR
601,SOYCHU
602,LA FAVORITA
603,LACTEOS D LA COLONIA
604,RINCON SERRANO
605,LA PASTELERIA
606,COOPERATIVA
607,LA IMPERIAL
608,EL SURENO
609,WALMART
610,TORTE
611,ENRICO
612,SEPTIMO VARON
613,LOS PRINCIPITOS
614,CENTURION
615,LOS HERMANOS
616,LOS 2 HERMANOS
617,LA ARTESANA
618,LA NORMA
619,PINK LADY
620,PECAN
621,DON EUGENIO
622,SABORCREM
623,CHACINADOS SAN NICOLAS
624,SUYAI
625,COLIQUEO
626,SAN GOTARDO
627,ELABORACION PROPIA
628,EL CANON
629,CABANA ANTONATIVA
630,CARDENAS
631,ARTESANAL
632,BRACCO
633,LABRORIER
634,BIERZO
635,NUEVA COOPERATIVA
636,CHEF
637,DECIMO
638,AMERICAN
639,MONO AZUL
640,BECERRA
641,D AGEN
642,ISGRO
643,SABORLAC
644,WINDY
645,INAL
646,TRES CRUCES
647,QUALITA
648,LA HOJA
649,FAMILIA GRION
650,PROMESA
651,PARMALAT
652,CAMPO AUSTRAL              
653,ALPINO
654,CASONA
655,TORO
656,SANTA ROSA                    
657,DELICIOUS
658,GRION
659,EL RIBENO
660,EVELINA
661,HASS
662,SUPER CREM
663,PAUL 
664,SOCIETE
665,MIREYA
666,EL PRADO
667,CREMON
668,DON JUAN DE ARTIGA
669,EL FLECO
670,JULICROC
671,EL JACARANDA
672,LA NUEVA
673,PASTAS LA MORENITA
674,LA MORENITA
675,LA ALEMANA
676,DUNCANITO
677,LA MAGA
678,LAR
679,KAPOBEL
680,LE MAR
681,SAN JOSE
682,MERKOFILM POLIETILENO
683,LA NUEVA ESPERANZA
684,ZYMA
685,VILLARES
686,ACHETONI
687,CEAPE
688,LEITIS
689,DON LINUS
690,CALISA
691,TONUTTI
692,LA NOVA PASTA
693,LA VARENSE
694,AIELLO
695,CANALE
696,LATTAY
697,RECREO
698,PARIS
699,LA ANONIMA
700,ALMA CRIOLLA
701,LACTEOS BARRAZA
702,CORNET
703,DE NUESTRA PANADERIA
704,ESTANCIAS LA
705,CABANA SR
706,BEST
707,LOS JAZMINEZ
708,DELIPORK
709,GENERAL MILLS
710,GRANJA EL AMANECER
711,RAFAELA ALIM
712,RAFAELA ALIMENTARIA
713,CUYOCREM
714,PATAGONICO
715,CABANA
716,MANTECOL
717,CATTER MEAT SA                
718,BRUGGEN
719,JUMBO
720,LA VIEJA FABRICA
721,SANTA RITA
722,FLOR DE LINARES
723,AGROPORC
724,ESVEBA
725,7 DIAS
726,CREMON
727,VERONICA
728,LA AGRICOLA
729,RAFAELA
730,NOGOLAC
731,GRANJITOS
732,TE LLEVO
733,CAMPOS DEL SOL
734,LA QUINTANA
735,SAINT PAULIN
736,EL TOTO
737,LOMAS
738,ESSO FOOD
739,VERON
740,LASUI
741,LA PA
742,BOLICROK
743,DON ALFONZO
744,GONZALEZ
745,EMETH
746,DELI-SITAS 
747,EL HOLANDO
748,1804
749,TRONCONI
750,EL EMPERADOR
751,LUVIANKA
752,ARBOLADA
753,4 HERMANOS
754,BIMBO
755,BARRAZA
756,EL GURI
757,PICARDIA
758,ORIETA
759,ROMERO FS
760,73
761,SANTA REGGINA
762,LAS MARGARITAS
763,ANGELANI
764,DON BRUNZ
765,VACREM
766,AWAL
767,YAMUNI
768,AMANECER
769,CAGNOLO
770,FRIDORF 
771,FRIDORF
772,SAVAZ
773,DULCE SOFIA
774,DRAGONE
775,ALBA
776,CAYE-LAC
777,VACALIN
778,CAYELAC
779,VACALIN
780,A LOS MANDARINES
781,LA EXPOSICION
782,LACTAR
783,PIO SEGUNDO
784,EL GALAICO
785,GENUINO
786,DON MIGUEL
787,BONAMOZZA
788,SEOC
789,DYC
790,CASTEL
791,GRANCHEF
792,SICSA
793,JOSE LUIS MOUNIER
794,BLUE PATNA
795,PRESIDENTE
796,GARCIA
797,DUMBA
798,DIA
799,LASER
800,ZEPELLIN
801,BON MASE
802,SUQUIA
803,DIA
804,EL NOBLE
805,NEGRITA
806,SIR EDWARDS
807,NAPOLEON
808,BARDINET
809,GRAND MARNIER
810,SOCIETE
811,REMY MARTIN
812,NESCAFE
813,COINTREAU
814,MAILLE
815,BONNE MAMAM
816,LINDT
817,ABERLOUR
818,COURVOISIER
819,VEUVE CLICQUOT
820,LA GRANDE DAME
821,VEET
822,BABYBEL
823,BEL
824,CLOVIS
825,KRONENBOURG
826,GRIMBERGEN
827,BONDUELLE
828,BORNIER
829,ENTREMONT
830,NINA
831,NAPOLEON
832,STARBERG
833,RICARD
834,TIPIAK
835,MOET
836,DOM PERIGNON
837,DOM PERIGNON
838,DON PERIGNON
839,FERRERO
840,BORIS
841,MAPA
842,HENNESSY
843,KRUG
844,DELOUIS FILS
845,CHTI
846,CHAVROUX
847,DIOR
848,PACO RABANNE
849,POMMERY
850,KENZO
851,DI GIOGIA
852,TIRAMISU
853,ADIDAS
854,ECHO
855,ISSEY
856,STABZ
857,SOIGNON
858,NEUTROGENA
859,ARTHRODONT
860,ELGYDIUM
861,ALVERTI
862,TOPSI
863,FRS
864,CLC
865,CABSHA
866,CASANTO
867,LAS ISLAS
868,CAYFAR
869,MEN EXPERT
870,LOREAL
871,REVITALIF
872,ELVIVE
873,GARNIER
874,CALVIN KLIEN
875,MARETTI
876,RITTER
877,WARSTEINER
878,TRINOS
879,DAB
880,ERDINGER
881,KALFANY
882,WENDELER
883,AC DC
884,OSTMANN
885,LICHER
886,GHERKINS
887,KAISERDOM
888,ATRIX
889,CURITAS
890,NIVEA 
891,NIVEA VISAGE
892,PET'S CLASS
893,K78
894,BAIERSDORF
895,NBC
896,PAULY
897,NUK
898,SCHWARTAU
899,CORNY
900,BRAUPERLE
901,OETTINGER
902,TOFFIFFE
903,KOSTRITZER
904,FA
905,DARGUNER
906,MECKLENBURGER
907,TAMPAX
908,BERENTZEN
909,SCHOFFERHOFER
910,CLAUSTHALER
911,DAUBY
912,PAULANER
913,JAGERMEISTER
914,FRANZISKANER
915,KAPUZINER
916,SANTA EMILIA
917,RYG
918,BRONQUITO
919,EL NENE
920,MOLINO CANUELAS
921,EL PEONCITO
922,SANTA NARCISA
923,DON ROCHA
924,FANTA
925,REGENTE
926,TEPALQUE
927,GONZALES
928,GARCIA
929,H&H
930,TAPAL
931,SAPUCAI
932,LE AN
933,SELLO DE ORO
934,ALPINA
935,VARENSE
936,ALCARAZ
937,ANGELINI
938,BAVOSI
939,SELLO ORO
940,RIMINI
941,RIOJANITO
942,LA BONAERENSE
943,DELICATO
944,ACUERDO SGRO
945,PORTOBELO
946,FEFI
947,DON FIACCO COCINA
948,IL MILENIO
949,NOSOTRAS
950,LINEA VERDE
951,STOLICHNAYA
952,COOLER
953,ARSENALNOVE
954,BELENKAYA
955,RUSSIAN RYE
956,CELEBES
957,SCHICK
958,QUATTRO
959,PET'S FUN
960,TK
961,CASTOR
962,BASICARE
963,PET STEP'S
964,FLORA
965, SIN MARCA
966,2LIFE
967,BLUE MELON
968,CALCHAQUI
969,VIDAL
970,SANTA MONICA
971,COFRA
972,GRANJA SUIZA
973,GUINNESS
974,WHITE HORSE
975,J. WALKER
976,DEWAR'S
977,DEWARS
978,OLD PARR
979,BULLEIT BOURBON
980,CAPITAN MORGAN
981,TANQUERAY
982,VAT 69
983,LONGMORN
984,BALLANTINES
985,SCAPA
986,THE GLENLIVET
987,TEACHERS
988,J&B
989,WHYTE & MACKAY
990,PIMMS
991,MACALLAN FINE OAK
992,FAMOUS GROUSE
993,WILLIAM GRANTS
994,GLENFIDDICH
995,HENDRICK
996,HENDRICKS
997,DRAMBUIE
998,GLENMORANGIE
999,CUTTY SARK
1000,BOMBAY
1001,ERISTOFF
1002,GREY GOOSE
1003,CAMPBELL
1004,JEMESON
1005,SHERIDANS
1006,SHERIDAN'S 
1007,PUSH POP
1008,PHILIPS AVENT
1009,NEW ENGLISH TEAS
1010,AKBAR
1011,ST DALFOUR
1012,JURA
1013,IRON MAIDEN TROOPER
1014,PUKKA
1015,REBEL KITCHEN
1016,CAPRICE
1017,TWISTIES
1018,MC CAIN
1019,STELLA ARTOIS
1020,HOEGAARDEN
1021,LEFFE
1022,SMIRNOFF
1023,JULES DESTROOPER
1024,CHIMAY
1025,ARDO
1026,GULDEN DRAAK
1027,DUVEL
1028,POCO LOCO
1029,BIOMAC
1030,SIMPLOT 
1031,ABBAYE
1032,SIMPLOT
1033,BELGIAN
1034,BELGIUM
1035,CHIAVITA      
1036,CAMPO
1037,FERREIRA
1038,BEAR BEER
1039,VIKING
1040,MEDITERRA
1041,JACOBSEN
1042,AL TACHO
1043,KRAKUS
1044,VAN PUR
1045,WYBOROWA
1046,EKLAND
1047,SAM MILLS
1048,PASTA D ORO
1049,PASTA D'ORO
1050,AIR WIC
1051,LA FRANCISCA
1052,LA MEDALLA
1053,SOFIA
1054,ESTANCIA SAN GABRIEL
1055,CIMMINO
1056,COSALTA
1057,DON OTTO
1058,VILAYO
1059,OTITO
1060,LA CORDOBESA
1061,COSQUIN
1062,ESTRELLA DE ORO
1063,808
1064,131
1065,EL PROGRESO
1066,ALEMANA
1067,BELGRANO
1068,LA BIANCA
1069,EPUYEN
1070,ALMA 4
1071,DISPITA
1072,LEMAR
1073,LA ESPIGA
1074,TESSORE
1075,LA SIERRITA
1076,RAMIREZ
1077,PATAGONIA CANDLES
1078,NUVA
1079,GALAPAGOS
1080,PUSINERI
1081,BARAN RAUL
1082,CREMIGAL
1083,DONA LUISA
1084,VERDULERIA
1085,DEL VALLE
1086,CADA UNO
1087,SAN NICOLAS
1088,ESTRELLA
1089,SELTON
1090,AMARULA
1091,CREACION
1092,BOHL
1093,ALGABO
1094,BILAGOS
1095,APPLETON
1096,GENAVES
1097,FINLANDIA
1098,CEREAL SOL
1099,ESTANCIA EL AMANECER
1100,LANIN
1101,ARTESANO
1102,SUJOR
1103,SU JOR
1104,BR
1105,NAHUEL
1106,LAZZARANO
1107,EL JUAN
1108,EMEZETA
1109,CABANA TOMAS
1110,PORT SALUT
1111,CEREASOL 
1112,DON ANDRES
1113,SOY MILA
1114,MENDISMAR
1115,TSINGTAO
1116,BELLACOTTON
1117,DYLILA
1118,DV CATENA
1119,MASTERLAC
1120,SCURTI
1121,331
1122,LAS TRES ESTANCIAS
1123,OTTONE
1124,LAS TRES ESTACIONES
1125,812
1126,GOTTE
1127,DULCE SERRA
1128,TACURAL
1129,SUENO VERDE
1130,LAS TRES ESTRELLAS
1131,SERRA
1132,COOPERATIVA 
1133,ENTRELSOL
1134,PLANET POP
1135,ESTANCIA LOS NARANJOS
1136,SAN VICENTE
1137,BEIGEL&BEIGEL
1138,SYP
1139,DINICLEAN
1140,WASA
1141,LIPTON
1142,BOTRAN
1143,CENTENARIO
1144,FINCA NATURAL 
1145,C&C
1146,POISE
1147,SCOTT
1148,BARCELO
1149,BARCELO
1150,PIRULIN
1151,PIRULIN
1152,MAGISTRAL
1153,ACE
1154,HEAD & SHOULDERS 
1155,PRESTOBARBA
1156,HEAD & SHOULDERS
1157,ELIPET
1158,ALWAYS
1159,VENUS
1160,BABYSAN
1161,HERBAL BIO
1162,SUPERSEC
1163,PENTENE
1164,NESTLE
1165,NESQUIK
1166,SAUZA
1167,PRO
1168,KELLOGG'S
1169,ALL BRAN
1170,KELLOGGS
1171,CHOCO KRISPIS
1172,L'OREAL
1173,JOSE CUERVO
1174,PALMOLIVE
1175,SOMBRERO NEGRO
1176,CLEAR
1177,NESTLE
1178,COBRA
1179,VANISH
1180,COFFEE MATE
1181,JUST FOR MEN
1182,GRECIAN 2000
1183,EL JIMADOR
1184,EQUATE
1185,FROZEN
1186,BABYSEC
1187,LOREAL PARIS
1188,NUTRISSE
1189,PROTEX
1190,EXCELLENCE
1191,PURE MAKEUP
1192,CASTING
1193,DERMO EXPERTISE
1194,SCUTUM GLOW
1195,ARBANIT
1196,EMANUE
1197,PALLUZZI
1198,MADIBA
1199,TRES ANZUELOS
1200,PAMPERO
1201,FROOT LOOPS
1202,COEUR DE SUISSE
1203,KAHLUA
1204,TRIX
1205,CHOMP
1206,DOLCE GUSTO
1207,CAT CHOW
1208,TORPEDO
1209,NESTUM
1210,MAGGI
1211,SVELTY
1212,NESCAFE
1213,NIDO
1214,FRISKIES
1215,KIT KAT
1216,DOGUI
1217,SUFLAIR
1218,LA LECHERA
1219,NESCAU
1220,DOG CHOW
1221,POPSY
1222,GATI
1223,NESCAOU
1224,FRIGOR
1225,POP
1226,EPA
1227,LA FRUTTA
1228,LUXOR
1229,NOVELTY
1230,TIDY CATS
1231,NIDINA
1232,NAN
1233,DOG CHOW 
1234,ROYAL
1235,BUBBALOO
1236,TANG
1237,MILKA 
1238,CLIGHT
1239,PALITO DE LA SELVA
1240,CLUB SOCIAL
1241,PALITOS DE LA SELVA
1242,BELDEN
1243,DUQUESA
1244,CEREALITAS
1245,MELBA
1246,CHOCO PAUSE
1247,EXPRESS
1248,LINCOLN
1249,MANON
1250,ROCOCO
1251,SUCHARD
1252,PHILADELPHIA
1253,VERAO
1254,MAYCO
1255,MEDIA HORA
1256,BAZOOKA
1257,PANEX
1258,RONCHI
1259,PROCENEX
1260,MINORA
1261,TENA
1262,JOHNSON'S BABY
1263,JOHNSON'S
1264,COTONETE
1265,JHONSONS
1266,LISTERINE
1267,CAREFREE
1268,COLCAFE
1269,LATITUD
1270,CAMPANITA
1271,KLEENEX
1272,KOTEX
1273,ACHISS
1274,BRASSO
1275,HARPIC
1276,JUAN VALDEZ
1277,BLEX
1278,SAN MARCOS
1279,P&P
1280,MARINELA
1281,COCA COLA
1282,ELITE
1283,SUSSEX
1284,COTIDIAN
1285,CANARIAS
1286,LAS ACACIAS
1287,PILSEN
1288,BIO CLIN
1289,IL GENOVESE
1290,RICARDITO
1291,HIT
1292,RINDE DOS
1293,BELABIN
1294,CRIVEA
1295,FIT
1296,BAGGIO
1297,YOGURISIMO
1298,PLENITUD
1299,SAPOLIO
1300,KOLYNOS
1301,CUSQUENA
1302,LIDER
1303,QUEIROLO
1304,BUONOLIVA
1305,EGGS HONS
1306,QUENTO
1307,KEVIN
1308,XLIMP
1309,IDEAL
1310,SERENA
1311,JOHNSONS
1312,SIEMPRE LIBRE
1313,O.B.
1314,TROPICANA
1315,TWISTER
1316,VIENISSIMA
1317,GRANJA DEL SOL
1318,MANDISOVI
1319,REINARROZ
1320,PELEADOR
1321,VAZQUEZ
1322,MERCEDIN
1323,ELNETT
1324,ELVIVE 
1325,SWEET ESPON 
1326,ESPON
1327,SWEET ESPON
1328,VEGETALEX
1329,POMPON
1330,ESTILO SPA
1331,CAVIC
1332,UVITA
1333,BODEGA PRIVADA
1334,MOCORETA
1335,VINA MAYOR
1336,VIEJO VINEDO
1337,FRUTOS DE LA HUERTA
1338,EL SUPREMO
1339,DE LA HUERTA
1340,LA HUERTA
1341,SI DIET
1342,MI-JU
1343,MI JU
1344,TALACASTO
1345,LA POSTA DEL OLIVO
1346,POSTA
1347,RICORDI
1348,BAGGIO PRONTO
1349,MOCORETA
1350,BAGGIO VIDA
1351,FRESH
1352,TOMATITO'S
1353,CRIOLLITAS
1354,SONRISAS
1355,MELITAS
1356,RUMBA
1357,MERENGADAS
1358,REX
1359,KESITAS
1360,AMOR
1361,PORTENITAS
1362,MELLIZAS
1363,SALADIX
1364,CHOCOLINAS
1365,FORMIS
1366,TENTACIONES
1367,NOEL
1368,BC
1369,MACUCAS
1370,MOGUL
1371,CINDOR
1372,FRUGGO
1373,HOGARENAS
1374,COQUITAS
1375,POLVORITA
1376,MANA
1377,MANA
1378,HOGARENAS
1379,CHOCO CHIPS
1380,AGUILA
1381,BAGLEY 
1382,VOCACION
1383,RECETAS DE LA ABUELA
1384,LIA
1385,MEDIA TARDE
1386,MERCI
1387,B&N
1388,TORTITAS
1389,SERRANAS
1390,SERRANITAS
1391,TRAVIATA
1392,ISIDRO PENA
1393,GRANIX
1394,FRUTIGRAN
1395,SKARCHITOS
1396,EMYNENT
1397,FANACOA
1398,PREFERIDO
1399,RI-K
1400,COCINERO
1401,FAVORITA
1402,LIRA
1403,LUCCHETTI
1404,MAXIMO
1405,NOBLEZA GAUCHA
1406,CHAMIGO
1407,BLANCAFLOR
1408,EXQUISITA
1409,ANLITE
1410,PROMAN
1411,ESTRELLA BABY
1412,EL DESPENSERO
1413,ROLOPAC
1414,ROLOFREEZ
1415,ROLUMINIO
1416,MATARAZZO
1417,DON VICENTE
1418,FRITOLIM
1419,FORMITAS
1420,GOODMARK
1421,DELICIA
1422,MANTY
1423,GOOD MARK
1424,MOLINOS
1425,PATITO
1426,VITINA
1427,GALLO
1428,REGIO
1429,GALLO SNACKS
1430,CHOCOBAR
1431,CHOCOARROZ
1432,CHOCO CRUNCH
1433,CONDOR
1434,SUSARELLI
1435,CRUZ DE MALTA
1436,LETIZIA
1437,RUCA MALEN
1438,AIME
1439,DELVERDE
1440,LA SALTENA
1441,CADUS
1442,NIETO SENETINER
1443,BENJAMIN NIETO
1444,EMILIA NIETO SENETINER
1445,NIETO SANETINER
1446,FRAN
1447,BILLIKEN
1448,ARLISTAN
1449,RIERA
1450,RIERA 
1451,KISKALI
1452,POZO
1453,CLASS
1454,GAONA
1455,4 ESPIGAS
1456,POZZO
1457,TIVOLI
1458,SANTA BRIGIDA
1459,QUESABORES
1460,QUESO
1461,THOLEM
1462,MENDICRIM
1463,SAN REGIM
1464,GRANJA ROSALIA
1465,GALA
1466,MAYONESA
1467,YOGS
1468,SUBLIME
1469,BIO
1470,COTAR
1471,CARLETI
1472,ALCO
1473,PUNTERO
1474,ALCO 
1475,PRECURSOR
1476,ETCHART
1477,CAFAYATE
1478,BODEGAS ETCHART
1479,ARNALDO B
1480,ETCHART PRIVADO
1481,ESTANCIA EL ROSARIO
1482,EL ROSARIO
1483,SUAVE
1484,COREGA
1485,SENSODYNE
1486,LE BOUQUET
1487,RESERO
1488,TITTARELLI
1489,BODEGA UNO
1490,DON ENRICO
1491,CACHEUTA
1492,SUGUS
1493,ESANI
1494,ASURIN
1495,SALLI
1496,KETRA
1497,SEPARATA
1498,ACORAZADO
1499,SKAY
1500,DRESSWARE
1501,NECHO
1502,LEADER PRICE
1503,ASURIN
1504,REAL
1505,EL ABUELO
1506,SAENZ
1507,1888
1508,SAENZ BRIONES
1509,REINA DE ALCANTARA
1510,SAENZ 
1511,MUSEL
1512,QUEMAITA
1513,IMPERIO
1514,GLOUCESTER
1515,NEW STYLE
1516,GOLD HILLS
1517,PALANCA
1518,PINERAL
1519,HIERROQUINA
1520,CUARNAVACA
1521,BAR Y PUBS
1522,BISLERI
1523,BAR & PUBS
1524,BARPUBS
1525,FINCA LAS MARGARITAS
1526,BARRILITO
1527,LIMP&COTT
1528,LA ESTRELLA
1529,IMPACTO
1530,JR
1531,VIGENTE
1532,CORMILLOT
1533,DECFA
1534,CASTELL
1535,HUERTO DEL CAMPO
1536,CANCUN
1537,MENOYO
1538,ALCAZAR
1539,MONTERREY
1540,AYUDIN
1541,PLOMERO
1542,WATTEAU
1543,PORTA
1544,KIRSCHWASSER
1545,NIKOV
1546,CASALTA
1547,BIALCOHOL
1548,FAVINCO
1549,DROP
1550,SMASH
1551,1882
1552,SLITZ KIRSCHWASSE
1553,MONTE ALTO
1554,PORTA HERMANOS
1555,GLAZE
1556,GLAZE
1557,ALCOPROTECT
1558,KERNIS
1559,NATURALSUR
1560,NATURAL SUR
1561,TIERNITOS
1562,MIZZI CAT
1563,9 LIVES
1564,ALIMIX
1565,LA VIRGINIA
1566,VIRGIN ISLANDS
1567,ALICANTE
1568,LITORAL
1569,KALMA
1570,DE LA ABUELA
1571,TUY
1572,CHOCOLINO
1573,VINTAGE
1574,SU EXCELENCIA
1575,VIN UP
1576,CEPITA
1577,LA ROMERIA
1578,SACCANI
1579,1930
1580,1930 SACCANI
1581,ADES
1582,ALELUYA
1583,LLAVE
1584,PETERS
1585,CAPOEIRA
1586,PIONNER
1587,KOVAC
1588,MARTINIQUE
1589,COMANDANTE
1590,SOL AZTECA
1591,CAMACHO
1592,MOON LIGHT CLUB
1593,CAYMAN
1594,GRAFFIGNA
1595,COLON
1596,SANTA SILVIA
1597,GRIMALDI
1598,BALONI
1599,GRIMALDI BARONI
1600,ZAMBIA
1601,DURBAN
1602,KEKSY
1603,PLUS RENDIDOR
1604,BACAN
1605,LOMA VERDE
1606,VELAS LOURDES
1607,DON DAVID
1608,MICHEL TORINO
1609,ALTIMUS
1610,CICLOS
1611,ELEMENTOS
1612,DON DAVID 
1613,EL ESTECO
1614,LEGUI
1615,NAVARRO CORREAS
1616,JOSE CUERVO
1617,CAZALIS
1618,OTARD DUPUY
1619,RESERVA SAN JUAN
1620,LOS ARBOLES
1621,SAN TELMO
1622,GALVAN
1623,MORIXE
1624,PENNISI
1625,MELLINO
1626,NOBLE
1627,MARROC
1628,FELFORT
1629,DOS CORAZONES
1630,FORT
1631,TORRONCINO
1632,JACK
1633,REFRESCO
1634,FEL FORT
1635,VARIOS
1636,JELLY FORT
1637,JORGUAN
1638,VIA DELICIAS
1639,VIA DELICIAS
1640,LA CUMBRECITA
1641,GRACIELA REAL
1642,CORONA DE TRIGO
1643,FRONTERITA
1644,BELLA VISTA
1645,EDEMY
1646,DON CELEDONIO
1647,LA SALTENA 
1648,LA SALTENA
1649,COPANI
1650,TITITOP
1651,FOND DE CAVE
1652,MEDALLA
1653,TRAPICHE
1654,ISCAY
1655,SEPTIEMBRE
1656,1883
1657,ASTICA
1658,BODEGAS TRAPICHE
1659,FINCA LAS MORAS
1660,BODEGA TRAPICHE
1661,ALMA MORA
1662,MARIANNE
1663,PAZ
1664,MORA NEGRA
1665,BROQUEL
1666,FINCA LAS MORA
1667,ALARIS
1668,NATIVO
1669,URRUTIA
1670,HIGIENOL
1671,ELEGANTE
1672,RENDIPEL
1673,CRISTAL DEL LAGO
1674,LADYSOFT
1675,VALLE VIEJO
1676,SHAMI
1677,DELLEPIANE
1678,DELEMON
1679,BURNETTS
1680,TAILOV
1681,DRY
1682,MOSKOVSKAYA
1683,MACAO
1684,X4
1685,3 PLUMAS
1686,BEZIERS
1687,ALBANY
1688,SPECIALITA
1689,SUPREMACIA
1690,SUPREMACIA
1691,NADIR
1692,OKEBON
1693,GIROTONDO
1694,BRIOS
1695,SANTA FLORENTINA
1696,VINAS RIOJANAS
1697,RAZA ARGENTINA
1698,LIMOUSIN RESERVA
1699,LIMOUSIN
1700,NATUVID
1701,VOCACION
1702,NATURA
1703,MAZOLA
1704,CADA DIA
1705,SOJOLA
1706,COPISI
1707,RAMONEDA
1708,ADENOMAR
1709,GUARDIA VIEJA
1710,DATRIL
1711,EL ROSQUINENSE
1712,VITTONE
1713,BRANCA
1714,BORGHETTI
1715,PUNT E MES
1716,CARPANO
1717,FRATELLI BRANCA
1718,SHEBA
1719,FERRINI
1720,PEPSICO
1721,DE TODITO
1722,LAY'S
1723,TWISTOS
1724,DORITOS
1725,DORITO
1726,LAYS
1727,PEHUAMAR
1728,PEP
1729,CHEETOS
1730,KES BUN
1731,3D
1732,TODDY
1733,BUN
1734,TOSTITOS
1735,DETODITO
1736,3 D'S
1737,ZUCOA
1738,EL SOL
1739,LA COLINA
1740,CANCILLER
1741,DILEMA
1742,ESTANCIA MENDOZA
1743,ZUMUVA
1744,CRUZ DEL SUR
1745,BISTRO
1746,CHATEAU DE ROSIERE
1747,LOS HELECHOS
1748,DILEMA DAY
1749,FC BARCELONA
1750,KADABRA
1751,DRALION
1752,LA GRUPA
1753,AMENNI
1754,PROGRESO
1755,ARIZU
1756,SIMONA
1757,FINCA MAGNOLIA
1758,TEXTO SUBITO
1759,VILLA DEL SUR
1760,VILLAVICENCIO
1761,SER 
1762,LEVITE
1763,OPTIMA
1764,LEVITE
1765,CRYSF
1766,DICKENS
1767,AGUANTADORA
1768,SINCERIDAD
1769,PAMPA
1770,MONTECARLO
1771,X LIMP
1772,BERTOLINI
1773,OTTONELLO
1774,VASCO VIEJO
1775,VAZCO VIEJO
1776,TRAFUL
1777,LOPEZ
1778,LOPEZ
1779,RINCON FAMOSO
1780,RINCON FAMOSO
1781,CHATEAU VIEUX
1782,CHATEAU MENDOZA
1783,MONTCHENOT
1784,CASONA LOPEZ
1785,CASONA LOPEZ
1786,CASA LOPEZ
1787,LOPEZ XERO
1788,BODEGA LOPEZ
1789,FEDERICO LOPEZ
1790,MONT REIMS
1791,TUZZVILL
1792,FIORENTINA
1793,CARACAS
1794,SAMANTHA
1795,HOME KIT
1796,MANY MANO
1797,HOME
1798,MACULAN
1799,LA PORTENA
1800,OPTIMOP
1801,ZUPAY
1802,SOBRINO
1803,GILLETE
1804,LACTAL
1805,SWIFT
1806,TARGET
1807,LAS LILAS
1808,FRESCOR
1809,VIRARO
1810,FACHITAS
1811,CHISPITAS
1812,MANJAR DE LOS DIOSES
1813,VIDOL
1814,PREAL
1815,DE PREAL
1816,BAGOVIT
1817,BAGOVIT A
1818,DARAMA
1819,FLYNN PAFF
1820,FLYNNIES
1821,NAMUR
1822,FLOW
1823,FORZA
1824,ALTEZA
1825,VITA CEREAL
1826,FLYNN PLAFF
1827,NUCREM
1828,FLOW CEREAL
1829,TOKKE
1830,FLYN PAFF
1831,CEBRITAS
1832,MUNDOSAURIO
1833,MAGICORNIOS
1834,FULL MANI
1835,CHOCOMOTI
1836,DAQUI
1837,MANIMANIA
1838,MANI MANIA
1839,SAN SALVADOR
1840,LA QUEBRADA
1841,AVANTI
1842,BORBORE
1843,MARTIN FIERRO
1844,MARTIN FIERRO
1845,AYA
1846,UNION
1847,TARAGUI
1848,CAMPO MONTE
1849,MANANITA
1850,LA MERCED
1851,LAS MARIAS
1852,YTACUA
1853,BOUSSAC
1854,HENO DE PRAVIA
1855,PRAVIA
1856,NH 3
1857,ROSAMONTE
1858,CAMPECHE
1859,FUNDACION FAVALORO
1860,LEIVA
1861,ESCORIHUELA GASCON
1862,FAMILIA GASCON
1863,DON MIGUEL ESCORIHUELA
1864,CIRCUS
1865,CARCASSONNE
1866,LOLA MONTES
1867,ESCORIH GASCON
1868,PONT LEVEQUE
1869,CARCASSONE
1870,GASCON
1871,CAVAS SAN JULIAN
1872,LOLA
1873,PEDRO DEL CASTILLO
1874,CORDILLERA
1875,CARRASCAL
1876,BIECKERT
1877,308
1878,DINTEL
1879,MEGA
1880,FARGO
1881,PETTING
1882,COOPERACION
1883,SUCARYL
1884,VOLCAN
1885,TIBU
1886,TIBU
1887,SWEET BABY
1888,MAS PLUS
1889,BABY DAY
1890,MEDAMAX
1891,TIBURON
1892,BLEM
1893,CERAMICOL
1894,ABERDEEN ANGUS
1895,FINCA FLICHMAN
1896,CABALLERO DE LA CEPA
1897,MISTERIO
1898,GRAN CABALLERO DE LA CEPA
1899,TANGUERO
1900,FLICHMAN
1901,PAISAJE DE BARRANCAS
1902,ABERDEEN
1903,EXPRESIONES
1904,GESTOS
1905,CANNAN
1906,GREEN HILLS
1907,LA TRANQUERA
1908,FEDERICO ALVEAR
1909,VINAS DE ALVEAR
1910,THE BREEDERS
1911,FEDERICO DE ALVEAR
1912,THE BREEDER`S CHOICE
1913,TIBALDI
1914,BARNY
1915,HILERET
1916,YIN YANG
1917,KA-A
1918,SOYINA
1919,YING YANG
1920,YING
1921,YIN YANG 
1922,SAINT REMY
1923,FRUTA DE ORO
1924,BUEN PIQUE
1925,ALUBIA
1926,RUTILANTE
1927,NUNEZ
1928,SCHATZI
1929,MALAMBO
1930,RAID
1931,LYSOFORM
1932,KLARO
1933,BAYGON
1934,GLOCOT
1935,EL HALCON
1936,MENDIA
1937,SUMASA
1938,MENDIA
1939,CROPPERS
1940,DON MANI
1941,GO NATURAL
1942,FLORESTAL
1943,SILVETEX
1944,TEXAS
1945,BANDERITA
1946,CORAL
1947,DYNEX
1948,DINEX
1949,MACRITAS
1950,MACRITOS
1951,ARROCITAS
1952,MACROBIOTICA
1953,CEREALKO
1954,PIPER POL
1955,VALLE VERDE
1956,STEVIA DULCE
1957,BIG BEN
1958,YER-VITA
1959,LA PLANTA
1960,ESPRESSARTE
1961,PATAGONIA BERRIES
1962,SED METAL
1963,LIMPEX
1964,HEI MEN
1965,SAN FELIPE
1966,CEPA
1967,FELIPE RUTINI
1968,RUTINI
1969,LA VUELTA
1970,TRUMPETER
1971,PEQUENA VASIJA
1972,CRUZ ALTA
1973,ENCUENTRO
1974,ALTAMIRA
1975,TRUMPETER RESERVE
1976,BARBIE
1977,MARIEL
1978,MR POPS
1979,SLICE
1980,DISNEY
1981,BUTTER TOFFEES
1982,HELLO KITTY 
1983,ANGRY BIRDS
1984,KEY COLOR
1985,HOLANDA
1986,VACA LECHERA
1987,DULCILAC
1988,MISTER POPS
1989,SPIDERMAN
1990,STAR WARS
1991,GODET
1992,NATURAL BREAK
1993,HALLOWEEN
1994,HALLOWEEN MOGUL
1995,AVENGERS
1996,BARCELONA
1997,ROCKLETON
1998,DULCIORA
1999,KOPA
2000,SIMPLE
2001,BUTTERN CREAM
2002,PONY
2003,YOGUS
2004,ROCKLET
2005,ROCKLETS 
2006,GRAFFITI
2007,SIMPLE 
2008,COSMOS
2009,PRESTO PRONTA
2010,MR POP
2011,TITAN
2012,CREMINO
2013,BUTTER TOFFES
2014,NEO GUM
2015,OBLEA
2016,TOY'S
2017,HOLLOWEEN
2018,HELLO KITTY
2019,BLOCK
2020,CHOKKI
2021,FLICS
2022,JELLY ROLL
2023,LIGHT
2024,CHOCOCHIPS
2025,COFLER BLOCK
2026,GODY
2027,RANCHERA
2028,TRES PATITOS
2029,FRAGATA
2030,GRAN FRAGATA
2031,SKIN
2032,GAUCHITO GIL
2033,FRAGATA ECO
2034,RICCHISIMO
2035,BOCA
2036,MAXI CAT
2037,BOCATTO
2038,MAXI CAN
2039,SMUG
2040,DON UBALDO
2041,CALLIERI
2042,DON UBAL
2043,NOLY
2044,DONA NOLY
2045,LA PANADERIA
2046,ALFREDO ROCA
2047,SUIZA
2048,CLINSY
2049,SUIZA 
2050,DUFOUR
2051,AROLA
2052,FULTON
2053,MAURI
2054,PROPICIA
2055,MAURITA
2056,MARIA ELENA
2057,ODEX
2058,NORQUINCO
2059,NEUSS
2060,CORDOBA
2061,CUNNINGTON
2062,DF
2063,TRI
2064,CELLIER
2065,FAVALORO
2066,ANDESAL
2067,GENTLEMAN
2068,INALPA
2069,ACAPULCO
2070,CARACAS 
2071,BODEGA NAVARRO CORREAS
2072,DUCAN
2073,JET MAR
2074,DUCANITO
2075,PATY
2076,FATY
2077,PATYVIENA
2078,ICB
2079,MEDALLONES BARFY
2080,GREEN LIFE
2081,SEARA
2082,QUICKFOOD
2083,PATY VIENA
2084,PATYNITOS
2085,BARFY
2086,BETWEEN
2087,BOOG
2088,KHARTUM
2089,KREW
2090,BIOFRUT
2091,PURO SOL
2092,LAS ACHIRAS
2093,BIRD FOOD
2094,EGIPCIANA
2095,ABETO
2096,S&P
2097,RC
2098,PANDA
2099,BLENDERS PRIDE
2100,BLENDERS
2101,ORLOFF
2102,FINCA LOS PRIMOS
2103,BIANCHI
2104,DON VALENTIN
2105,FAMIGLIA BIANCHI
2106,FAMILIA BIANCHI
2107,LEO
2108,NEW AGE
2109,GENESIS
2110,FAMIGLIA
2111,BIANCHI FAMIGLIA
2112,SUTER
2113,VIEJO SOLAR
2114,LUJURIA
2115,CBSE
2116,CBSE
2117,GAMBA ROSSO
2118,NOVECENTO
2119,DANTE ROBINO
2120,GRAN DANTE
2121,CAPRICCIO NOVECENTO
2122,SAINT CLEMENT
2123,NEBIOLO AMABLE
2124,ROBINO
2125,ROBINO 
2126,SUA
2127,SAINT LAMBERT
2128,DANCER
2129,FIANCEE
2130,ARGENGRASS
2131,ARGENGRAS
2132,KAMOTE
2133,DULCYPAS
2134,FATAY
2135,DON SATUR
2136,COLOMBRARO
2137,LUX
2138,LIZY
2139,FORTUNA
2140,SEREMIX
2141,COLBERT
2142,QUESERISIMOS
2143,SENSE
2144,SERENISIMA
2145,LA MARTONA
2146,ARMONIA
2147,ARMONIA
2148,LA ARMONIA
2149,JUNIOR
2150,SERECOL
2151,BAUZA
2152,NACUNAN
2153,NACUNAN
2154,PUGLISI
2155,BUEN DIA
2156,YVETTE
2157,SANTA ANA
2158,CASA DE CAMPO
2159,VILLENEUVE
2160,RINCON DEL SOL
2161,RUMBOS
2162,CASA CAMPO
2163,CARACTER
2164,MURVILLE
2165,AZABACHE
2166,IL SEGRETO
2167,VALLE ANDINO
2168,IL SECRETO
2169,BLANCAMEN
2170,FINCA BLANCA
2171,PLISSE
2172,CALIPSO
2173,MASTER
2174,Q SOFT
2175,SNIFF
2176,Q-SOFT
2177,SNIFFY
2178,DESAFIO
2179,COCKTAIL PICKS
2180,YARIGUARENDA
2181,ROBY
2182,INCA
2183,HUELLA
2184,LA RAZA
2185,VALLE DE ORO
2186,K OTHRINA
2187,BLATTANEX
2188,RACUMIN
2189,ROMANCE
2190,EL CHASQUI
2191,CAA YARI
2192,MARCUS
2193,HUMBERTO CANALE
2194,DIEGO MURILLO
2195,INTIMO
2196,CALSA
2197,MI PAN
2198,MAURIPAN
2199,GIGANTE
2200,DUC
2201,CLINEROL
2202,DUKE
2203,KENIA
2204,VICENTIN
2205,ARROGANTE
2206,RETO
2207,VICENTIN
2208,DORADO
2209,PRISIONERO
2210,BANDA DE LOS TRES SUCIOS
2211,DON MARCOS
2212,DULKRE
2213,SENSIBLE
2214,LEVEX
2215,DEL TURISTA
2216,MISOJA
2217,LA RECOLETA
2218,GRANDOTE
2219,RECOLETA
2220,KIN
2221,SPRITE
2222,SCHWEPPES
2223,AQUARIUS
2224,BONAQUA
2225,POWERADE
2226,FUZE TEA
2227,CRUSH
2228,AYBAL
2229,HI C
2230,FANTA ZERO
2231,CARIOCA
2232, BAGGIO
2233,HI-C
2234,SMART WATER
2235,SPRITE ZERO
2236,NADA
2237,RANDOM
2238,SPRING VALLEY
2239,AIRE PUR
2240,AIREPUR
2241,DOS PICOS
2242,ALADINO
2243,COPETIN
2244,SANYTOL
2245,QUIT OLOR
2246,AGENTX
2247,IBERIA 
2248,AGENT X
2249,COTTON UP
2250,BOLZIP
2251,LA PERLA
2252,CARLOS PILAR
2253,CARACOL
2254,SAFRA
2255,MEDIA NARANJA
2256,RUEDA 
2257,LA PONDEROSA
2258,RUEDA
2259,LA PONDERA
2260,TRESAL
2261,TRESSAL
2262,SAN BERNARDINO
2263,BELDIET
2264,DONCELLA
2265,NONISEC
2266,BABYLOOK
2267,SAN HUBERTO
2268,CABO DE HORNOS
2269,SADE
2270,PUNTO DEVIL
2271,SEA LEG
2272,GANCIA
2273,MARTINI
2274,AMARGO OBRERO
2275,MARCELA
2276,SIBSAYA
2277,TACCONI
2278,TRES TORRES
2279,PRONTO
2280,MONFERRATO
2281,TERMA
2282,SKYY
2283,DR LEMON
2284,CASTILLO
2285,LUSERA
2286,PERETTI
2287,ABEL MICHEL TORINO
2288,ISLA
2289,MIRGALITAS
2290,BICHITOS
2291,OMERO
2292,RAVANA
2293,ORLOC
2294,MERCIER
2295,BARON B
2296,CHANDON
2297,CLOS DU MOULIN
2298,VALMONT
2299,BELTOUR
2300,TERRAZAS DE LOS ANDES
2301,INSIGNIA
2302,LATITUD 33
2303,TERRAZAS
2304,CHANDON MAGNUN
2305,ALTOS DEL PLATA
2306,CHEVAL DES ANDES
2307,CHEVAL DEL ANDES
2308,BARON B
2309,O2
2310,FLEISS
2311,PICO DE ORO
2312,MARQUES DEL SUR
2313,FINCA LOS GIGANTES
2314,VIEJO RINCON
2315,RINCON
2316,MARQUES DEL SUR
2317,VIEJO RINCON
2318,CHANGUITO
2319,LA MERE MICHELLE 
2320,LA MERE MICHELLE
2321,MERE MICHELLE
2322,SUAVE FEDERAL
2323,SUAVE 
2324,ZORRO
2325,LIMOL
2326,GRAN FEDERAL
2327,CAMPOS VERDES
2328,PLUBELLE
2329,LIMZUL
2330,BIFERDIL
2331,DON AMANCIO
2332,TREBOLAR
2333,LAS PRADERAS
2334,TULIPAN
2335,TULIPAN
2336,FUSARELLO
2337,YANCANELO
2338,DOMENICO RANIERI
2339,MERIDIANO
2340,UMBRO
2341,3 ARROYOS
2342,BALCARCE
2343,COSTERO
2344,A TODO TRAPO
2345,GRANJA DE ORO
2346,GOURMET
2347,YOFRE
2348,ECCO
2349,CELESTIAL SOFT
2350,CELESTIAL
2351,SOL MAYOR
2352,ROLICAM
2353,RAULITO
2354,BER LACT
2355,BOSTON
2356,POL TEX
2357,PENT
2358,PENTY
2359,HESPERIDINA
2360,CHANGO
2361,FLOWI
2362,BARILOCHE
2363,DEL AGRICULTOR
2364,1920
2365,COOPERATIVA SENESA
2366,SABOR PAMPEANO
2367,CIRCE
2368,MELINCUE
2369,LP
2370,TAEQ
2371,MANERA
2372,SIRKIS
2373,SIGNO
2374,MALTIFE
2375,EL POCILLO
2376,BESSONE
2377,PICO DULCE
2378,BABY DOLL
2379,LHERITIER
2380,MOLINOS ALA
2381,KNORR
2382,APOSTOLES
2383,53
2384,ALA
2385,VELEZ
2386,SPEEDY
2387,POLYCERA
2388,ZEBRA
2389,BELAROM
2390,SILVO
2391,AIR WICK
2392,ROBIN
2393,WOOLITE
2394,FINISH
2395,EASY OFF BANG
2396,DETTOL ESPADOL
2397,BALAROM
2398,DETOLL ESPADOL
2399,DELICIAS
2400,BABS
2401,COLLAR
2402,ANTELIA
2403,FIRENZE
2404,STEINHAUSER
2405,OKEY
2406,MARCOLLA
2407,KEKOSA
2408,STAPLER
2409,YANOVSKY
2410,GABUTTI
2411,DIAMANTE
2412,CADEA
2413,CEDEA
2414,SIMIENTE
2415,GARI DOG
2416,BUENOS DIAS
2417,ANIVERSARIO
2418,ILKO
2419,RODEO
2420,FRESH DENT
2421,LIFE QUALITY
2422,CYNAR
2423,OLD SMUGGLER
2424,BOLS
2425,SAN JUAN
2426,APEROL
2427,CAMPARI
2428,BOLSKAYA
2429,HAMPTON
2430,LUIGI BOSCA
2431,FINCA LA LINDA
2432,BOHEME
2433,LA LINDA
2434,ORALI
2435,ORALI
2436,DONNA
2437,COMODIN
2438,STAR COMPANY
2439,STAR
2440,AGUAFIEL
2441,DIAFANA
2442,LACTIS
2443,YUMMY
2444,CUESTA DEL MADERO
2445,DOLORES
2446,DUROX
2447,JUMALA
2448,JUMASWEET
2449,EQUALSWEET
2450,NOGAL DORADO
2451,RODRIGUEZ ACACIO
2452,COCOA BEACH
2453,HELLO KITY
2454,REBEL ATTITUDE
2455,DISNEY CLASSIC BABY
2456,ROUTE 66
2457,MINNIE
2458,AVIONES
2459,SOY LUNA
2460,ARGAN
2461,VAIS
2462,STOP VAIS
2463,ALGABO 
2464,MINIONS
2465,MARVEL
2466,LA NUEVA GENOVA
2467,COMFORT
2468,CIF
2469,SKIP
2470,GRANBY
2471,VIVERE
2472,SUN
2473,DRIVE
2474,VIVERE
2475,VIM
2476,DANICA
2477,LIVOPEN
2478,IMPULSE
2479,PATRICHS
2480,LIFEBUOY
2481,LORD CHESELINE
2482,EXPLOIT
2483,CLOSE UP
2484,EFFICIENT
2485,LE SANCY
2486,LE SANCY 
2487,LINEA 10
2488,ECO MAX
2489,TUNUYAN
2490,TUNUYAN 
2491,51
2492,ABUCEL
2493,PAR NOR
2494,MINI PITUSAS
2495,PITUSAS
2496,MOROCHITAS
2497,PEPITAS
2498,PAR-NOR
2499,PARNOR
2500,FACILITAS
2501,GOYENECHEA
2502,GOYE
2503,EUFORIA
2504,MARQUES DEL NEVADO
2505,VIDACOL
2506,ACTIMEL
2507,YOGURISIMO
2508,YOGUR
2509,SILK
2510,VITO
2511,YOPRO
2512,DANONE
2513,GRAN COMPRA
2514,CORTESIA
2515,SIETE LAGOS
2516,SHITAKE
2517,ATUEL VALLEY
2518,EXTRALIMP
2519,7 LAGOS
2520,TREMBLEKE
2521,TREMBLITO
2522,TEMBLEKE
2523,TREMBLY
2524,RIME
2525,SENSACION
2526,BELLE BIJOU
2527,SOLAR DE ROBLES 
2528,HOM
2529,MOULIN BLEU
2530,CABALGATA
2531,GOLD MUNDO
2532,GOLCI
2533,GOLDMUNDO
2534,TOCONATO
2535,TOCONATO
2536,MANHATTAN
2537,RELYANS
2538,HARINISIMA
2539,FADE
2540,CHACABUCO
2541,RAZA
2542,GAUCHO 
2543,CATRIEL
2544,MAPU
2545,SILVINA
2546,AITALA
2547,LEACH
2548,BALKAN
2549,INTY
2550,LA CABANA
2551,FINISTERRE
2552,SCHEZ 
2553,NOUGAT
2554,BONMETIQUE
2555,STRATEGY
2556,ESTERO COLOR
2557,ESTEREO COLOR
2558,MISTYC
2559,Q BLACK
2560,GAETA
2561,LA CALETA
2562,DOMESTIC
2563,SEMBLE
2564,BLE
2565,BON-MASE
2566,LA PANADERIA
2567,EGRAN
2568,FAINALIND
2569,CRISTO DE LOS CERROS
2570,CRISTO DE LOS CERROS 
2571,RECETAS DE ENTONCES
2572,HASHI
2573,MAYO
2574,MAYOV
2575,RANCHITO
2576,PRIME
2577,XMART
2578,FARMACO
2579,ANTIALL
2580,VERITAS
2581,ICE CREAM
2582,ESKIMO
2583,ITALIA
2584,STYLEY
2585,FACAR
2586,SIEMPRE LISTA 
2587,AL PAN
2588,LA CASITA
2589,HEREFORD
2590,FINCA LA ESCONDIDA
2591,FRIZEE
2592,TERMIDOR
2593,FRIZZE
2594,DADA
2595,BODEGA LA ROSA
2596,UTOPIE
2597,SEPTIEMBRE 
2598,CRESPI
2599,FACUNDO
2600,LOVE
2601,LAS MORAS
2602,LOS INTOCABLES
2603,NOLITA
2604,BAUTISMO
2605,EL BAUTISMO
2606,TOMBA
2607,VIEJA ABADIA
2608,DADA
2609,WELS
2610,BENARE
2611,WELS 
2612,PEONIAS
2613,YIWU
2614,BANARE
2615,PERNOD RICARD ARGENTINA
2616,HIRAM WALKER
2617,TIA MARIA
2618,DOBLE V
2619,DOMECQ
2620,MUMM
2621,TIA MARIA
2622,ADLER
2623,ADLER 
2624,PAMELA
2625,FRANCE
2626,FIRENZE-GALLETAS
2627,MARILY
2628,PROSPERAR
2629,MARYMIX
2630,MOLTO
2631,LA GIOCONDA
2632,EMAIL DIAMAN
2633,DEPILORM
2634,EMAL DIAMAN
2635,SYLVESTER ROSE
2636,FIDEGALL
2637,BRUNING
2638,INVICTA
2639,GANDARA
2640,DANIELLE
2641,ALLIANCE
2642,MUJERCITAS
2643,KEVIN BLACK
2644,CIEL
2645,SENS
2646,COQUETERIAS
2647,PAULA CAHEN D'ANVERS
2648,JOLIE DANIELLE
2649,ETIENNE
2650,ACQUA DE ETIENNE
2651,ACQUA
2652,UNIVEN
2653,PRUNE
2654,PIBES
2655,ACQUA DE ETIENE
2656,PACO
2657,CHESTER ICE
2658,COMO QUIERES QUE TE QUIERA
2659,CARO CUORE
2660,FLOWER ROSE
2661,CANNON
2662,CRANDALL
2663,CHEEKY
2664,GINO BOGANI
2665,CIEL NUIT
2666,CIEL CRYSTAL
2667,FLOWER
2668,CIEL NOIR
2669,PAULA BOSQUE
2670,L EXTREME
2671,L'EXTREME
2672,PAULA LUNA
2673,MI PEQUENO DANIEL
2674,BROSS LONDON
2675,LEXTREME
2676,FLOWER DETE
2677,PAULA ALMA
2678,NETWORK
2679,FERRARIS
2680,FERRARI
2681,ZANONI
2682,LIVORNO
2683,VARON DE LA CHACRA
2684,DANICA
2685,MARGADAN
2686,QUALY
2687,DANI FIESTA
2688,DANICA EQUILIBRIO
2689,OLIVIO
2690,MAYODAN
2691,SACCHI
2692,IRENE
2693,NANTYR
2694,NATYR
2695,MUSMI
2696,HETERRA
2697,STARL
2698,ELECTO
2699,BETTINI
2700,LA ITALIANA
2701,AMICI
2702,INDIAS
2703,CEYLAN
2704,PASCUAL TOSO
2705,TOSO
2706,EXTRA TOSO
2707,FANTOCHE
2708,FUN FANTOCHE
2709,DON NICANOR
2710,CASTELLI
2711,MELILLA
2712,CEUTA
2713,DON LUCAS
2714,SUPERFARM
2715,RAPIPAP
2716,FARM FRITES
2717,FARMFRITES
2718,PECADO
2719,CORNEJO COSTAS
2720,FINCA LA VERDAD
2721,LAVAQUE
2722,COSTA
2723,LAS MERCEDES
2724,QUARA
2725,BODEGA PENALVA FRIA
2726,DEUBEL
2727,VENEZIANA
2728,VANEZIANA
2729,PRACTIPAN
2730,LA VENEZIANA
2731,FRUTICOLOR
2732,CARREFOUR SELECTION
2733,BULNEZ
2734,SANTA JULIA
2735,ZUCCARDI
2736,FAMILIA ZUCCARDI
2737,FUZION ALTA RESERVA
2738,MALAMADO
2739,ZUELO
2740,ALAMBRADO
2741,FINCA BELTRAN
2742,SANTA JULIA 
2743,TINTILLO
2744,JOSE ZUCARDI
2745,FILIPPO BERIO
2746,MAGNA
2747,ARAUCO
2748,ALLOLIO
2749,MANTO SAGRADO
2750,TRIO
2751,FEMAR
2752,PLUMITAS
2753,OLIVAR PASO VIEJO
2754,MARCELITO
2755,PEPSI
2756,MIRINDA
2757,7 UP
2758,PASO DE LOS TOROS
2759,H2OH!
2760,H2O
2761,SEVEN UP
2762,SOBE RUSH 
2763,RITZ
2764,VUAL
2765,SUAPEL
2766,CAUTIVA
2767,HADIBELL
2768,KIT COLOR
2769,PEDRIN
2770,FELPITA
2771,FLORIPEL
2772,CARTABELLA
2773,SWEETY
2774,FELITA
2775,SOFT PAPER
2776,MONEDA
2777,SOAVIS 
2778,VINAS DE BALBO
2779,VINAS DE BALBO
2780,BODEGA A I BALBO SA
2781,VINAS DE BALBO 
2782,BALDO
2783,HACIENDA LOS HAROLDOS
2784,LOS HAROLDOS
2785,NAMPE
2786,LOLO
2787,ASTERISCO
2788,COLIMAN
2789,ESTATE
2790,CAOBA
2791,HERMANDAD
2792,AITOR IDER BALBO
2793,MEGA FAMILY
2794,GRAND FAMILY
2795,EXQUICITRUS
2796,MAYOLIVA
2797,SIGNO DE ORO
2798,DON CARLO
2799,TIA NATA
2800,BULOS
2801,HAVANNA
2802,CORUN
2803,SABBORTUCC
2804,CRITERIUM
2805,JANDAIA
2806,CUMANA
2807,CUMANA
2808,ESPADIN
2809,ESPADIN
2810,CILU
2811,LA SALAMANDRA
2812,QUERUBIN
2813,WOODY
2814,QUERUBIN
2815,MOSQUI TRAP
2816,CUCA TRAP
2817,TRAP
2818,FRAY
2819,NIS
2820,VENCEDOR
2821,NETIC
2822,HARPERS
2823,SM
2824,POLYANA
2825,AKTIOL
2826,POMPIS
2827,SWING
2828,VIAMO
2829,TRES HERMANOS
2830,PRITTY
2831,VILLA SAN REMO
2832,LIVRA
2833,SALDAN
2834,DOBLE COLA
2835,RAFTING
2836,LYVIAN
2837,ASSY
2838,GL
2839,EXCLUSIVO
2840,LABELLO
2841,MIL HOJAS
2842,SKAY CREAM
2843,SILKEY
2844,POLICROM
2845,KEY KOLOR
2846,ROSA BLANCA
2847,YERBACID
2848,TIO CARLOS
2849,TOPADOR
2850,MANCHESTER
2851,TRIUNFO
2852,MIREX
2853,BETIC
2854,KONTIKI
2855,LODOMI
2856,BAIDAT
2857,DILON
2858,CEBILA
2859,CAUCETE
2860,LA CEBILA
2861,RICEDIEX
2862,MARFOR
2863,FLORIO
2864,MARNE
2865,FLORENCIO
2866,MARSALA
2867,SUSYSAL
2868,DONA SAL
2869,FINCA LA DELFINA
2870,CHUKER
2871,EQUALSSWEET
2872,EQUAL
2873,VIVANT
2874,IYOSEI
2875,XERCOM S.A.
2876,LOLA PUGA
2877,SUPER LOOK
2878,BRUMOLINE
2879,DRUMOLINE
2880,PEKELINO
2881,DIET KONTROL
2882,DIETAFRIT
2883,QUAKER
2884,PEPSICO DE ARGENTINA SRL
2885,GATORADE
2886,PUREZA
2887,FLORE
2888,CUQUETS
2889,MAMA COCINA
2890,MAMA COCINA
2891,SAN AGUSTIN 
2892,MAMA
2893,PASEO
2894,SAN AGUSTIN
2895,CUKIS
2896,PIETRO
2897,9 DE ORO
2898,PIGUE
2899,BOX
2900,SAN AGUSTIN
2901,DONTAELLA
2902,HJ
2903,MISTER FOOD
2904,LOS SILOS
2905,HURLINGHAM
2906,NATURA 
2907,MULTIPLE
2908,AGUAPAB
2909,DRF
2910,MENTITAS
2911,NUGATON
2912,VIZZIO
2913,DONUTS
2914,NAPI U
2915,NAPI U
2916,GRAN DIPLOMA
2917,BOLSARRAN
2918,PRACTICAN
2919,SANTA BARBARA
2920,SELCA
2921,JULIANA LOPEZ MAY
2922,CHANTAL
2923,HERR KUKUMBER
2924,RED SPOON
2925,PRUNELLE
2926,KOKITO
2927,SCHEINS
2928,CACHAMAI
2929,CACHAMATE
2930,PATORUZU
2931,LA ISOLANA
2932,MONTE NEVI
2933,MONTENEVI
2934,MONTE
2935,PLENARIO
2936,EVENTOS
2937,VICTORIA
2938,CHAMPS ELYSEE
2939,NORTON
2940,PEDRIEL
2941,DALTON
2942,ELEGIDO
2943,COSECHA TARDIA
2944,PERDRIEL
2945,FINCA PERDRIEL
2946,FINCA LA COLONIA
2947,HEDALY
2948,317
2949,NEVISCA
2950,HEDALY PLUS
2951,CLINIC
2952,MAORI
2953,POETT
2954,CREIZY
2955,REINO DE CASTILLA
2956,R.DE CASTILLA
2957,AVICOPER
2958,AVICEREAL
2959,ECOVERDE
2960,GLORIA
2961,SIDAYA
2962,ALTO PAVON
2963,LA GRINGA
2964,PAGOS DEL SUR
2965,MARENGO
2966,JOANES
2967,CHOCMAN
2968,MECANO
2969,SENSACIONES
2970,GOLAZO
2971,NUGATON
2972,CLAUDIO
2973,MAREA BODY
2974,JARDIN DE ROSAS
2975,MF
2976,COMENSAL
2977,GUSTOSO
2978,PUROCOL
2979,BROOMY
2980,X5
2981,BORITA
2982,BORA
2983,JARDIN
2984,FAROLITO
2985,GIACOMO
2986,SIBARITA
2987,IRPA
2988,NUTREGAL
2989,MOMY
2990,PLASTIC HOUSE
2991,RAMAZZOTTI
2992,CAPRI
2993,8 HERMANOS
2994,CLINTON
2995,CAPITAN DE CASTILLA
2996,OMBU
2997,PADILLA
2998,ODDKA
2999,HAVANA CLUB
3000,MARIPOSA
3001,MARIPOSA CUSENIER
3002,BOMBONETT
3003,LA CASA
3004,BARIL
3005,ACIDITOS
3006,JUNIN
3007,JUNIN
3008,BOSS
3009,MAC GREGOR
3010,LADEIRA
3011,NUVIA
3012,ECLIPSE
3013,LA GAUCHITA
3014,LA GAUCHITA SA 
3015,DEA
3016,ASAPRACTIC
3017,GO
3018,OLIMAT
3019,TIO YAMIL
3020,YERRY
3021,LA JOYA
3022,ANGIORD
3023,TRES SANTOS
3024,REY MARCON
3025,AMERICA
3026,JOYA REAL
3027,CROSTINES
3028,YEMALINDA
3029,DONA ROSA
3030,LEDESMA
3031,DON ITALO
3032,CLEAN
3033,HELP
3034,YESI
3035,LAS GRINGUITAS
3036,CASERITA
3037,EL SURENO
3038,KEIKITO
3039,KEIKO
3040,KEIKAT
3041,TASSY
3042,NUTRIBON
3043,MAUSSY
3044,PONEDORAS SUR
3045,ALIMENTOS DEL SUR
3046,ORLEP
3047,MAVAX
3048,DELEO
3049,MONARCA
3050,VILLA MANTERO
3051,NOGALI
3052,STREUSEL 
3053,NOGALITAS
3054,NOGALI
3055,SOLITAS
3056,DANIELA
3057,NOGALITA
3058,SOLITAS 
3059,SAN JOSE
3060,FORNERO
3061,PRUNITA
3062,AMANDA
3063,MONTE LIRIO
3064,LA CAPITANA
3065,LA FARRUCA
3066,LOS ABROJOS
3067,ALCURNIA
3068,BODEGAS DEL SOL
3069,PAULISTA
3070,SUPERKAO
3071,MARBELLA
3072,FRONTON
3073,PRIMERAS VINAS
3074,LAGARDE
3075,LA GARDE
3076,ALTAS CUMBRES
3077,SCHNEIDER
3078,SECCO
3079,BIO BALANCE
3080,GORRION
3081,GONZALITO
3082,ELEVACION
3083,QUILMES
3084,MIXX TAIL
3085,BRAHMA
3086,NORTE
3087,GUARANA ANTARTICA
3088,BALTICA
3089,IGUANA
3090,ANDES
3091,PATAGONIA PORTE
3092,ANDES ORIGEN
3093,PATAGONIA WEISSE
3094,HANOVER
3095,BUDWEISER 
3096,ROOT
3097,HEINEKEN
3098,BALTICA 
3099,PALERMO
3100,ECO DE LOS ANDES
3101,AWAFRUT
3102,AMANCAY
3103,YOUNG
3104,ESCUDO
3105,SAETA
3106,ANAT
3107,DANUBIO
3108,RAMA CAIDA
3109,CITRAL
3110,ROCO
3111,TROPIC CLUB
3112,ALASKASHA
3113,ZACATECA
3114,CARDALES
3115,DES CORDELIERS
3116,DONGA
3117,VINAS DE ORFILA
3118,SUCESION ABEL MICHEL TORINO
3119,ORFILA
3120,VINA DE ORFILA
3121,DOMINO
3122,DON SEBASTIAN
3123,AZU MENDEZ
3124,DEMARTY
3125,DOS ANCLAS
3126,ALTAVIA
3127,DOS ESTRELLAS
3128,ESTRELLA DE MAR
3129,LAYCO
3130,DELITAP
3131,OKLAHOMA
3132,GLACIAR
3133,SONG
3134,RIVIERA
3135,FRONRON
3136,ISSUE
3137,ISUEE
3138,919
3139,DENNEY
3140,LIVEN UP
3141,LA AMISTAD
3142,CENCI
3143,VICENTINO
3144,LIPO
3145,OSI OSI
3146,WAMIS
3147,CARS
3148,MIBES
3149,LA SUPERIORA
3150,FRIAR
3151,NUTRYTE
3152,CARCARANA
3153,EDWARD BOWEN
3154,BOWEN
3155,BOWEN 
3156,DON LEOPOLDO
3157,LA BOWENSE
3158,DULCOR S.A.
3159,CORMIX
3160,ALIMENTOS CORMILLOT
3161,LYTA
3162,GUINDELA
3163,CORMILLOT 
3164,MANICOL
3165,COSTA DEL SOL
3166,SALZANO
3167,KOMILI
3168,MONROE
3169,5/25
3170,DERMOGREEN
3171,DERMAGLOS
3172,HAIRDYL
3173,NOC 10
3174,ODOL
3175,PAN Y PAN
3176,SABORIARTE
3177,OBLITON
3178,COQUET
3179,LA ESQUINA DE LAS FLORES
3180,QUALIBEST
3181,AMSTEL
3182,SALTA
3183,SANTA FE
3184,GROWLER
3185,MILLER
3186,BLUE MOON
3187,ISENBECK
3188,ARISCO
3189,TEM-FLOR
3190,TEMFLOR
3191,PENNY
3192,PENY
3193,DESECHIN
3194,ZORIQUEN
3195,NENIN
3196,TYM
3197,URQUIZA
3198,GAONA STAR 
3199,PERDIGON
3200,PERDIGON SEC
3201,CALIFORNIA
3202,MORTIMER
3203,PINOLUZ
3204,TRENET
3205,ARCO IRIS
3206,POETT ESPIRITU JOVEN
3207,AYUDIN
3208,MASERATI
3209,BIJOU
3210,PALMESANO
3211,ZULUETA
3212,CAMPO CHICO
3213,COMPO NUESTRO
3214,CAMPO NUESTRO
3215,CAMINITO
3216,ERPA SACIF
3217,ZUCARITAS
3218,TEXTISOL
3219,DICOMERE
3220,NIETOS DEL REY
3221,SULLEG
3222,SULFUG
3223,FIX
3224,FRESH SPORT
3225,DOMINGO HERMANOS
3226,HERMANOS
3227,RUPESTRE
3228,DOMINGO MOLINA
3229,SALSATI
3230,PONCHO NEGRO
3231,NEREIDA
3232,LC
3233,BC 
3234,BC LA CAMPAGNOLA
3235,TKM
3236,MAS
3237,FUTURO
3238,LAGRIMAS DEL SOL
3239,MAJESTA
3240,CHANUVI
3241,MAS SABOR
3242,CERYLEG
3243,CEYLEG
3244,LA ESPANOLA
3245,SOIFER
3246,FRANCISCO SALZANO
3247,PIUMINO
3248,HIDROVIOLIN
3249,EUROPA
3250,MARTINA
3251,GENSER
3252,BENJAMIN
3253,BENJAMIN
3254,SANTA ISABEL
3255,EMILIA
3256,NIETO
3257,BODEGA NIETO
3258,BIOWAY
3259,LA CLOTILDE
3260,BIO WAY
3261,DESIREE
3262,MASSEUBE
3263,PETIT ENFANT
3264,PETIT AMOUR
3265,VERTIENTE
3266,LE PETIT PRINCE
3267,JEAN
3268,PETIT PRINCE
3269,BOUQUET
3270,VALENTE
3271,BRIOSH
3272,LOS MONTES
3273,ERNEFA
3274,MARVAVIC
3275,PRINCETON
3276,PRINCENTON
3277,DINGO
3278,PERLAS MENDOCINAS 
3279,ATILIO AVENA
3280,FINCA VISTALBA
3281,LA CORUNA
3282,DONA FLORA
3283,INDELMA
3284,VINCITOR
3285,BELTRAN
3286,AVICOLA BRANDSEN
3287,DAYS
3288,LIGHTDAYS
3289,DAY'S
3290,ARGENFRUT
3291,CAROGRAN
3292,TORASSO
3293,VERDEFLOR
3294,ROBY 
3295,LEAU VIVE
3296,LE EAU VIVE
3297,MELVILLE
3298,ORESTES
3299,RACAUCHI
3300,ESENCIAL
3301,SUPERH
3302,SEDILEE
3303,HUSER
3304,ESPACIAL
3305,CIUDAD DEL FARO
3306,PLAYADITO
3307,LIEBIG
3308,DONINAS
3309,LA CUYANITA
3310,OKITA
3311,MARINOZZI
3312,NATURAL TOST
3313,CUCHUFLITO
3314,HIPOGLOS
3315,DERMAGLOS
3316,BUSHI
3317,PIPORE
3318,MULITA
3319,TALCA
3320,VILLA DE MONTANA
3321,RUMIPAL
3322,ZARINA
3323,AVICOLA SANTA ANA
3324,PRIMICIA
3325,DON JUSTO
3326,CERROS TUCUMANOS
3327,LA SANTIAGUENA
3328,ANTARES
3329,CABANA MICO
3330,EL BOLSON
3331,NAZAR
3332,SELLO AZUL
3333,PASO ANCHO
3334,LA CATEDRA
3335,LA CATEDRA
3336,50 ANOS
3337,DUQUE DE OSUNA
3338,YO
3339,YO HELADOS
3340,TOSHOKU
3341,YO STOP
3342,MAR DEL PLATA
3343,AVICOLA FED
3344,PUNTA MOGOTES
3345,DT
3346,AROMAS Y SABORES
3347,AROMAS&SABORES
3348,A&S
3349,SACAAN
3350,TIA ROSA
3351,VALEN
3352,VITAL
3353,ZENISSIMO
3354,BARRE
3355,PANCHIN
3356,YULI
3357,PIPORINO
3358,ALIMENTA
3359,FLOR ANDINA
3360,DON FELIX
3361,EMILIO FERNANDEZ
3362,GALLARDO
3363,GRANJA IRIS
3364,SANICOL
3365,JOHANNA
3366,JEAN MUIR
3367,LA SICILIANA
3368,IL ZAPORE DI CASA
3369,SAN JAVIER
3370,DON TITO
3371,BABELITO
3372,LUNITA
3373,CONDESA
3374,ROMICAR
3375,DAGEN
3376,HELLMANN'S
3377,WILDE
3378,MAIZENA
3379,CICA
3380,QUICK KNORR
3381,KNORR QUICK
3382,HELLMANN'S
3383,IRINA
3384,NORITA LIA
3385,GRANADEROS
3386,LOS GRANADEROS
3387,DOREE
3388,ARTICO
3389,ARTICO
3390,QUE RICO
3391,QUERICO
3392,TERAMO
3393,CROTTA
3394,MISTELA CROTTA
3395,TARDE
3396,PICNIC
3397,COMIENZOS
3398,LA MOROCHA
3399,MOROCHA
3400,ROUBAIX
3401,DEL CAMPO
3402,ESCOPLAS
3403,GRANITE
3404,OSTRICH
3405,CHEM BAE
3406,CHE-MBAE
3407,PORTOBELLO
3408,CARBIZ
3409,HAPPY FESTIVAL
3410,DULFRAN
3411,DUENDE
3412,EXILET
3413,MANZONI
3414,DAIAN
3415,ST TROPEZ
3416,ARGENTINO
3417,CUPIDO
3418,SAINT TROPEZ
3419,PANTAMINA
3420,COSMETICA PROFE
3421,SYSTEM
3422,TAN NATURAL
3423,EL EMPORIO DEL PEINADOR
3424,REINA MORA
3425,MANISUR
3426,OLIO
3427,BARBARA
3428,REINHARINA
3429,NUTRIMAX
3430,CHUMBALE
3431,FLECKY
3432,FULL 
3433,BARBARA
3434,DESES PLAST
3435,JUBAHI
3436,JUBAHI
3437,TASK
3438,MIR-COR
3439,MENGOLI
3440,FAMILIA MENGOLI
3441,GOMALIN
3442,GELL SINGH
3443,MARINA
3444,DHARAM SINGH
3445,ARROZEN
3446,LOS CAROLINOS
3447,ALDEVA
3448,LA SUIPACHENSE
3449,LAS CHACRAS DE SUIPACHA
3450,SINA
3451,MESSINA
3452,DURAMAX
3453,RODRIGUEZ ACACIO
3454,PAROLLE
3455,ACACIO
3456,RODRIGUEZ
3457,EL PENSADOR
3458,PENSADOR
3459,LA BEST
3460,CALYPSO
3461,PLUMITA
3462,SAINT FELICIEN
3463,NICASIA VINEYARDS
3464,ESMERALDA FERNANDEZ
3465,ALAMOS
3466,LOS ALAMOS
3467,VALDERROBLES
3468,EL ENEMIGO
3469,FINCA LOS QUIROGA
3470,ALAMOS
3471,ALTO UXMAL
3472,GRAN RODAS
3473,UXMAL
3474,BRAVIO
3475,ESTIBA I
3476,DV
3477,NICASIA
3478,DON ALFREDO
3479,GLORIA COTO
3480,ANGELICA ZAPATA
3481,RODAS
3482,ARGENTO
3483,VINADOR DEL REY
3484,DV CANTERA
3485,VENDIMIARIO
3486,ESMERALDA
3487,BRAVIO
3488,TIERRA DEL FUEGO
3489,SON BUENAS
3490,POLISOL
3491,SIDNEY
3492,SYS
3493,LOMA BLANCA
3494,YOLCL
3495,HINDS
3496,ETIQUET
3497,BREVISS
3498,CALDIET
3499,MONTECONEJO
3500,VINAS DON CARLOS
3501,MADRE SELVA
3502,CORAZON
3503,GEROLIVA
3504,EL RELICARIO
3505,CORAZON
3506,5 HISPANOS
3507,KRACHITOS
3508,KRACH
3509,LOS 5 HISPANOS
3510,KRACH-ITOS
3511,MCUETO
3512,TOSTI
3513,MAGICLICK
3514,BADALITAS
3515,BADALONI
3516,DEL ROCIO
3517,MOLINOR
3518,YARI
3519,ULTRA
3520,PLUS
3521,MOCOVI
3522,NUTRIBIEN
3523,RONCHI 
3524,ALKA
3525,DANCING
3526,NIKOLO
3527,LA ORQUIDEA
3528, ONE & DONE
3529,LA EMILIA
3530,PARODONTAX
3531,AQUAFRESH
3532,STAFFORD MILLER
3533,RESPIRA MEJOR
3534,AL PURO HUEVO
3535,EL QUILLA
3536,ARCO VESPASIANO
3537,EPOCA
3538,SCHIETTO
3539,CAPULLITOS FLOR
3540,PERGAMINO
3541,A LA BUENA DE DIOS
3542,HRG
3543,DEPIMIEL
3544,DEPIMANIA
3545,SAN FERNANDO
3546,YEMAIZ
3547,SENOR HUEVO
3548,LA GALLINA TURULECA
3549,INECTO
3550,CAROYENSE
3551,LA CAROYENSE
3552,CEREAL
3553,CERAL
3554,CEREAL DIET
3555,YOVINESSA
3556,DON REMIGIO
3557,PUNCH
3558,DANTELLI
3559,LA NONINA
3560,KAAS
3561,ARRUFAT
3562,FROTZ
3563,FRANSAFE
3564,TIO QUICO
3565,IGEA
3566,TOLEDO
3567,TOLEDO POULTRY
3568,ALSAMAR
3569,SIGLO DE ORO
3570,CLOVELLY
3571,PRIMOR
3572,FINCA LOS ROBLES
3573,LOS ROBLES
3574,PARNASO
3575,NOBLE VASIJA
3576,SOL SERRANO
3577,CHAMMAS
3578,KAPAC
3579,KAPACAO
3580,MERENGO
3581,VELAS LUJAN
3582,LUJAN
3583,CIMES
3584,LEGUMPACK
3585,YUSPE
3586,ICE COOL
3587,LAPAU
3588,ROBLES
3589,DON VIOLA
3590,CORAVE
3591,ROSSETTI
3592,LUCATO
3593,VERONA
3594,FLOR DE JARDIN
3595,RICO GUSTO
3596,CARMABE
3597,ANCO
3598,FAMILIA WEISS
3599,WEISS
3600,DIEL
3601,JOSMAR 
3602,VASIJA SECRETA
3603,CABANA SANTAMARINA
3604,GENNARI
3605,CARNEVALI
3606,EL PLACER
3607,ESANCIA
3608,ESTANCIA EL PLACER
3609,VILLA DEL CAMPO
3610,ITAL
3611,HIERBITAL
3612,FACILMENTE
3613,DON BOSCO
3614,OTRO LOCO MAS
3615,OTRO LOCO MAS
3616,MARASCHI
3617,BELLS
3618,BELL'S
3619,SULI
3620,EL CASTILLO
3621,ESPECIAS RAFAEL CANO
3622,EL CID
3623,EL AGUILA
3624,CABO BLANCO
3625,ROTH
3626,DON ROGELIO
3627,DON YEYO
3628,DE VIANO
3629,YACARE
3630,IGLESIA VIEJA
3631,DON FAUSTO
3632,NUTRILON
3633,NUTRILON
3634,BAHIA BLANCA
3635,SABORINO
3636,IZZUEL
3637,MOLINO
3638,LEVIANS
3639,FRAU
3640,SB
3641,TU CASA
3642,PEDIGREE
3643,SCOZZATTI
3644,FARMACITY
3645,WAYRA
3646,BRAVA
3647,CASTELLO PONTE
3648,MAD-DOG
3649,LATIN MANI
3650,ROIG
3651,BALL CHOC
3652,LATIN
3653,TODOTUTI
3654,PAPELENO
3655,EL BUITRE
3656,GOOD
3657,CFA
3658,TIEMPO LIBRE
3659,CALDEN
3660,DELI TRAP
3661,MANTULAK
3662,LOEKEMEYER
3663,TIONICO
3664,TIO NICO
3665,EL TIO
3666,ROLANPLAST
3667,ABSORSOL
3668,MICHI FELIZ
3669,SANI MIAU
3670,ALTA GAMA
3671,ABUMELEK
3672,ABUMALEK
3673,ABUMALECK
3674,BUMALEK
3675,MYRIAM
3676,CABARCENO
3677,2X4
3678,CILO
3679,PLAYBOY
3680,COTY
3681,EL FIDEO FELIZ
3682,FIDEO FELIZ
3683,LA BELLA PASTA
3684,RIO NEGRO
3685,IPA
3686,LA CASTELLANA
3687,COMPADRE
3688,VILLA D AGRI
3689,VILLA D'AGRI
3690,BELLATERRA
3691,PUNTO & PASTA
3692,VILLA DAGRI
3693,JOVIEL
3694,GALLEGUITAS
3695,CANONCITOS
3696,TODO CHOC
3697,KOKIS
3698,RECITAL
3699,EL MUELLE
3700,DONSA
3701,SAN MIGUEL
3702,CARIWA
3703,ANTARTICA
3704,LENERITO
3705,MI PASTA
3706,LA MARCHEGIANA
3707,PASTAS LA CENTRAL
3708,CONCIENCIA
3709,PORT
3710,DISWALD
3711,MOLINO GUEMES
3712,LA ABEJITA
3713,FLUVION
3714,COLIBRI
3715,BOUPLAST
3716,SG
3717,SUPY
3718,DUPLO
3719,VARICOR
3720,DABBENE
3721,BURBUJAS
3722,CAMPO AUSTRAL 
3723,GLACIAR PLUS
3724,BAHIA
3725,BAHIA COCKTAILS
3726,FRESITA
3727,BAHIA 
3728,BAHIA
3729,TAPAMAR
3730,CANON
3731,CANON
3732,SO FRESH
3733,FEDERICA
3734,TKT
3735,INSIDE OUT
3736,NS
3737,PRINCESA
3738,TENTACION
3739,NICE
3740,PASSION
3741,CAPRICHO 
3742,PATAPALO
3743,ENIGMA
3744,CLEO
3745,LEGITIMO
3746,MARY STUART
3747,TORTULAN
3748,BEAUTY
3749,BIUTY
3750,CAPULLO
3751,MISION NATURAL
3752,MISION NATURAL
3753,SAN PEDRO DE YACOCHUYA
3754,YACOCHUYA
3755,COQUENA
3756,MANOJO DE UVAS
3757,AVICOLA BRUEL
3758,MARY
3759,NORY
3760,PETIRIBI
3761,NOPUCID
3762,SEISEME
3763,PATAGONITAS
3764,ALBORADA
3765,DIWALI
3766,LA PARMESANA
3767,AZUC-OR
3768,ECOLIVA
3769,JUNGLA
3770,SANTA CRUZ
3771,INSTITUTO
3772,CERESKINAS
3773,ALCYONE
3774,SIN MARCA ASIGNADA
3775,ALPARGATAS
3776,SHULET
3777,RIO GRANDE
3778,SEC AR
3779,BAMBITAS
3780,BIB
3781,CEPAS RIONEGRINAS
3782,MEDIA NOCHE
3783,SIRACUSA
3784,EL LOBO
3785,VINAS DE SIRACUSA
3786,C MIGUEL
3787,CASA MIGUEL
3788,CASA M ALOE
3789,SAN IGINIO
3790,BABOSIL
3791,ARO
3792,MK
3793,NEOSOL
3794,CATITA
3795,ANIMALITOS
3796,VIENTO SUR
3797,ACORDEON
3798,FREIXENET
3799,DOSCUMBRES
3800,FINCA FERRER
3801,LAGO AZUL
3802,LEON
3803,LIBERTADOR
3804,EFECTO
3805,MEMORY
3806,MEMORY MAGIC
3807,FACILIM
3808,NO PIC
3809,CLIO
3810,GOLF
3811,SENIOR
3812,AEROSOLES Y SERVICIOS SOCIEDAD ANONIMA
3813,CUYAIRES
3814,LA PIARA
3815,HARAGAN
3816,FLEXOL
3817,CHAMPI FIESTA
3818,ZOPILOTE
3819,PREFERIDOS
3820,PANIFICADOS ROMERO
3821,ROMERO
3822,ROMERO 
3823,LOS DOS CHINOS
3824,AP! SEN
3825,DOS CHINOS
3826,AP SEN
3827,ASPEN
3828,BUDINETTE
3829,NARANCHIP
3830,100 DUCADOS
3831,FIELD DAY
3832,GRANJA RUTA2
3833,CABANA SAN JORGE
3834,LAURENTI
3835,TRIGORO
3836,OROWEAT
3837,MAESTRO PANADERO
3838,MAESTRO PANADERO 
3839,MARINELLA
3840,C&D
3841,SAINT MICHEL 
3842,PEIPO
3843,EMELEY
3844,CAMARO
3845,FINCA LA ANITA
3846,LUNA
3847,TAO
3848,PRELUDE
3849,BELU
3850,CROM
3851,ONZA DE ORO
3852,PERGOLA
3853,FLORENCIA
3854,IVESS
3855,IVESS 
3856,NEW DAYS
3857,FABIOLA
3858,TROPERO
3859,GRAN DIET
3860,GRANDIET
3861,LA BULNENSE
3862,EL MEJOR
3863,SANCHEZ
3864,SCHEZ
3865,JOY
3866,NUTELLA
3867,LE.Q
3868,CRESPAN
3869,WHISKAS
3870,CHAMP
3871,KITEKAT
3872,STARBUST
3873,GREATING
3874,PATRICIA ALLEN
3875,MAROLIO
3876,EL DIQUE
3877,ESENCIAL 
3878,BEETHOVEN
3879,EL BUDA
3880,DASH
3881,BUDA
3882,CAVAS SAN JULIAN
3883,C. S. JULIAN
3884,CAP
3885,NUTRESAN
3886,DOCIL
3887,NUTRI FOODS 
3888,DAVIDOFF
3889,CORN FLAKES
3890,SIERRA PINTA
3891,SIERRA PINTADA
3892,NUTRI FOODS
3893,MANJAR
3894,ECUADOR
3895,CANTINA ITALIANA
3896,STADIUM
3897,MELEGATTI
3898,POMPY
3899,POPLER
3900,CHENUA
3901,EL COLOSO
3902,GOODMAX
3903,REDIL
3904,FROTZ 
3905,PACHECO PEREDA
3906,CHOCOLATINAS
3907,GOLDEN LONGS
3908,ONEFRY
3909,MACCAIN
3910,MCCAIN
3911,FINCA NATALINA
3912,PUTRUELE
3913,MEZCLUM
3914,TOIA
3915,NOCHETERNA
3916,ODA
3917,PUNTA NEVADA
3918,SQUALO
3919,MARIA CELESTE
3920,HJ.FABRE
3921,FABRE MONTMAYOU
3922,INFINITUS
3923,PHEBUS
3924,VINAS DE ALTO SALVADOR
3925,PARMA
3926,ONDA VERDE
3927,FAMILIA MORALES
3928,IBIS
3929,IBIS 
3930,AL BUEN RAVIOL
3931,JUVIN
3932,PICO NEVADO
3933,ROMI
3934,EL CHUCUPAL
3935,LA ALMONA
3936,MISIONERO
3937,ROOMIJS
3938,CHEAPCREAM
3939,SARMIENTO
3940,SILVINA H
3941,HATASU
3942,FITONATURE
3943,DOG EXPRESS
3944,MARECHIARE
3945,MAREC
3946,C.A.R.S.A
3947,ADISOL HEREDIA
3948,WANG LEE
3949,HEREDIA
3950,THE BLENDERS
3951,BAY BISCUIT
3952,SPIX
3953,RIVARA
3954,NUTRISUR
3955,SOJITA
3956,MYLEN
3957,MARBE
3958,MANICAB
3959,SAINT GOTTARD
3960,ADELGAFRUTA
3961,SAINT-GOTTARD
3962,SAINT GOTT
3963,SAINT GOTTARD 
3964,CAPILLA MENDOCINA
3965,SANTA FILOMENA
3966,TRAPAL
3967,LILEN
3968,DON FIACCO
3969,MIEL DE FIORE
3970,DON NACHO
3971,FIORE
3972,PAJARO AZUL
3973,OTOWIL
3974,NUOVA
3975,MELY
3976,RIO SALADO 
3977,NEW KID
3978,505
3979,SYTARI
3980,TROFY
3981,EZEQUIEL
3982,CARICIAS
3983,EL MACHO
3984,DANMARCO
3985,CRISTALINA
3986,ASTOR
3987,NUTRIPLUS
3988,ALONDRA
3989,MISTER DOGS
3990,CRAKET
3991,MISTER DOG
3992,CHEBROCHE
3993,LAPACHOS
3994,DISMAR
3995,DIAMAR
3996,LA NONNA
3997,CEPAS DE AMERICA
3998,BELIER
3999,LA PRADERA
4000,STEVIA DULRI
4001,DULRI
4002,BENITO FERNANDEZ
4003,CORTASSA
4004,MIMO
4005,CORTASSA SIN PROMO
4006,FERNANDO
4007,ZUNGRI
4008,LA COMARCA
4009,ESCUDO DE ORO
4010,JET FOOD
4011,LA CUNA SURENA
4012,AGROMAR
4013,AGROM
4014,AGROFRUT
4015,ISLA BONITA
4016,ELEPEVE
4017,FOR-VAN
4018,FOR VAN
4019,VAQUERO
4020,LOS ABUELOS
4021,YEMAS DEL SOL
4022,DELICADA
4023,DR ZOO
4024,LEVINA
4025,PANEO
4026,SAF INSTANT
4027,TRES JOTAS
4028,PANCREPS
4029,LA GENOVESA
4030,CARNAVE
4031,ITEA
4032,SHIH
4033,COLMENARES ENGELMANN
4034,ADELGAMATE
4035,LA ARGENTINA
4036,MARTINS
4037,ROLITO
4038,EMMY
4039,VERMAR
4040,VIA VESPUCCI
4041,EL TANO
4042,VESPUCCI
4043,VIA VESPUCCI
4044,VENEZIA
4045,VER MAR
4046,PATAGONIA VERDE
4047,DANAL
4048,CASSARO
4049,SAN REMO
4050,MARTIN
4051,MARTIN
4052,CASALIVA
4053,DUXELITOS
4054,DULXELITOS
4055,BONMAR
4056,BONUX
4057,NANNI
4058,TRIMAK
4059,FIBRAS DEL SOL
4060,FASHION
4061,MR TRAPO
4062,MISTER TRAPO
4063,MAGIC SOFT
4064,MAGIC
4065,MISTER
4066,TEXSAP
4067,MR.TRAPO
4068,GYNODERM
4069,LOANDA
4070,GALAPAGOS
4071,MUNDIAL
4072,GRAND WICH
4073,GRAND
4074,PRE VERT
4075,LA MELI
4076,GALLINA DORA
4077,SCOUT
4078,SMELL FRESH
4079,FADEGUITA
4080,LA NAPOLITANA
4081,LE CHABONIER
4082,LE CHARBONI
4083,NUESTRA AGUA
4084,AGUA NUESTRA
4085,KREA
4086,DELICIAS DE LA OMA
4087,DODI
4088,ALDEMA
4089,MARILU
4090,DELFINA
4091,JUANCHO
4092,IVOTY CAA
4093,LA POSADENA
4094,MONTE MAR
4095,DONA NORA
4096,ECOSAN
4097,AMBAR
4098,GRABICH
4099,AQUALIC
4100,PABLA AGUIRRE
4101,PROFACOR
4102,CAREY
4103,LIMP SHINE
4104,LOS PINOS
4105,FERMIPAN
4106,SOL PAMPEANO
4107,BONAVITA
4108,LINDON
4109,WAKAS
4110,MARLOMS
4111,POPCORN
4112,LISETTA
4113,ALBERIO
4114,LOS ARTESANOS
4115,MAMINA
4116,YERUTI
4117,SANTA PAULA
4118,TANTO SABOR
4119,TANTO
4120,DON PANCHO
4121,DONN
4122,CLINCH
4123,BUCAL TAC
4124,MINAMINT
4125,RICA
4126,CARI
4127,FINCA DEL PARANA
4128,VALENA
4129,BRUCOR
4130,EL TATA
4131,G&M 
4132,G&M
4133,GYM
4134,GM
4135,MAGALI
4136,CARLITOS
4137,GERSTNER
4138,BREK
4139,COPRIMA
4140,GLIN'S
4141,CELOSAS
4142,RELLEGLINS
4143,CELOS
4144,EL CELTA
4145,SIERRA SAN JAVIER
4146,FAUSTO
4147,MEMORABLE
4148,LA BIZANTINA
4149,LA MAGDALENA
4150,MIELINDA
4151,OREGLIA
4152,FRONTON
4153,FROTON
4154,SIYI
4155,SAIZ
4156,TRIVENTO
4157,CONCHA Y TORO
4158,TOCORNAL
4159,PREMIER
4160,TRIBU
4161,GRAN LOMO
4162,TRIBU 
4163,ANDRESITO
4164,CHEF CHEESE
4165,EL GAUCHITO
4166,MI MASCOTA
4167,TANTE GRETTY
4168,356
4169,RING POP
4170,TOPPS
4171,SAN GIORGIO
4172,SAKANASHI
4173,ARRIVATA
4174,GRANJA ARRIVATA
4175,PENAS
4176,LA CALESITA
4177,SALANOVA
4178,BUY Y EAT
4179,ALICIA
4180,MADINA
4181,SANICAT
4182,SANITO 
4183,CAT
4184,LA ANDALUZA
4185,ANDALUZA
4186,VAINIPOSTRE
4187,CAEVA
4188,STONE
4189,KOSIUKO
4190,47 STREET
4191,KOSUIKO
4192,DUFOUR 
4193,PORTSAID
4194,NATURALS
4195,NATURAL SPIRIT
4196,TENDENCE
4197,XL
4198,INIESTA
4199,WELLINGTON
4200,MONSTER HIGH
4201,MESSI
4202,MASCHERANO
4203,MILENIUM
4204,INTUITION
4205,AROMA
4206,CONCLAVE
4207,UPA LA LA
4208,ANTOMEX
4209,GRAN COLOSO
4210,SELECCION DE ORO
4211,TALZAUBER
4212,VIDA SANA
4213,POLONI
4214,5 ESTRELLAS
4215,DON ELIO
4216,ELIO
4217,LEGUMBRES ELIO
4218,OLINTO
4219,LONQUIMAY
4220,DELICIAS DE LA NONNA
4221,EDRA
4222,MANTENONNA
4223,BANACHOC
4224,ERA DEL HIELO
4225,DELICIAS NONNA
4226,DELICIA NONNA
4227,OHIO
4228,LA ABADIA
4229,DOROTEO
4230,LA ABADIA
4231,FINISSIMO
4232,SOL ROJO
4233,CHANITA
4234,SAN JOAQUIN
4235,ALIMENTOS NATALI
4236,ECOBOL
4237,CIALPIL
4238,SPAT
4239,ATIADIM
4240,DADO
4241,ARRODUL
4242,VINITERRA
4243,OMNIUM
4244,TERRA
4245,OUS
4246,CABANA OUS
4247,ALTOS LAS HORMIGAS
4248,BALLCHOC
4249,LA FAMA
4250,NIKITOS
4251,TIA MARUCA
4252,RIVOLI
4253,CHICAGO
4254,RICATTO
4255,CLEONICHE
4256,INDO DELI
4257,LA TRADICION
4258,SABOT
4259,FIESTA DE LOS NINOS
4260,DE LOS NI#OS
4261,SANTA CLAUS
4262,FRUTITA
4263,DE LA SIERRA
4264,SABOR DE LA SIERRA
4265,SABOR DE LA SIERRA 
4266,DE LOS NINOS
4267,SED DE VIVIR
4268,COMAI
4269,TEREPIN
4270,TEREPIN
4271,DONA MAGDALENA
4272,SABIO
4273,SABIO 
4274,CAFRAN
4275,FINCA LA CANDELA
4276,VIDALAC
4277,SAN JUAN DE ULLUM
4278,TAPA MANIA
4279,TAPAMANIA
4280,ALTA VISTA
4281,8M
4282,RUGBEE
4283,VIEW
4284,DRAX
4285,LEM
4286,ENHANCE
4287,SOFT CARE
4288,DRASTIK
4289,FLASH
4290,DANKIS
4291,DULCE REINA
4292,LOS QUEBRACHITOS
4293,BATUQUE
4294,DEA 
4295,KRAUS
4296,SANGIEL
4297,LUIS BRAILE
4298,TONADITA
4299,OLIOVITA
4300,CALEN
4301,LA TRADICION
4302,LA MOSA
4303,SEC-AR
4304,BOOB
4305,WC
4306,ROMY
4307,LAJENA
4308,MANSEL
4309,SANICARE
4310,BRIO
4311,FLIP
4312,WE
4313,TUNKI
4314,TUNKI POP
4315,KRAPS
4316,DELLY
4317,ERIN
4318,FREE NAIL
4319,ORDENE
4320,RESINOA
4321,ECONOA
4322,COCINA LIGHT
4323,TIO GUIS
4324,CHIRO
4325,LODE
4326,MODOMI
4327,MADOMI
4328,AMBALI
4329,SIERRA DE LOS PADRES
4330,GOLIAT
4331,REFLEJO
4332,NIHUIL
4333,RUN
4334,ESPANOLA
4335,BRONKITO
4336,SOL Y FRUTA
4337,SARITA
4338,UNTINA
4339,FRANZ
4340,FRAMS
4341,NATURAL FRAMS
4342,EL CIPRES
4343,FLORIDA
4344,DON ARREGUI
4345,ELCA
4346,DEL MONTANES
4347,GRANGYS
4348,BITARWAN
4349,CRIOS DE COSECHAS
4350,CRIOS
4351,BENMARCO
4352,SUSANA BALBO
4353,READY POP
4354,VALLE DORADO
4355,VILLA ATUEL
4356,LA REAL PASTA
4357,ARISTIDES
4358,DANUNZIO
4359,YET
4360,NADIA
4361,YAMU
4362,FACU
4363,FREDDO
4364,PILAR
4365,LA SAMPEDRINA
4366,MASSO
4367,AVICOLA MASSO
4368,LOS ACRES
4369,EL TIBURON
4370,EUGENITA
4371,COPADITOS
4372,PUMPY TAILS
4373,HORDAN
4374,GRANJA EL INCENDIO
4375,SIETE CUCHILLOS 
4376,DELMAX
4377,DELHI TEA
4378,JESPER
4379,NATURAL BREAD
4380,SABROSITOS
4381,METRIVE
4382,SABROCITOS
4383,SABROFOOD
4384,KING FOOD
4385,BALTO
4386,VIMAR
4387,EL ACEQUION
4388,GRANJA T FRESCO
4389,ZONA LIBRE
4390,MISTRAL
4391,ATB
4392,NYFER
4393,SALENTEIN
4394,PRIMUS
4395,PORTILLO
4396,FINCA EL PORTILLO
4397,EL PORTILLO
4398,KILLKA
4399,OSADO
4400,AVICOLA OLTI LOURDES
4401,LA CAMPINA
4402,DELICIAS MARINAS
4403,GLUTAL
4404,CHANI
4405,CONCILIO
4406,MEDITERRANEA
4407,AVICOLA MEDITERRANEA
4408,FRUTAS DEL SUR
4409,FRUTOS DEL SUR
4410,SOJANEC
4411,PIRES
4412,OLIVO VIEJO
4413,ZUKO CERO
4414,ZUKO
4415,HICKORY
4416,TEODORO
4417,FERNI
4418,EL CANDIL
4419,SEPTIMA
4420,SEPTIMA OBRA
4421,SEPTIMO DIA
4422,LOS PASOS
4423,MARIA CODORNIU
4424,MARIA CODORNIU
4425,SEPTIMA
4426,CONFIADO
4427,VANGUARDIA
4428,PAISANITA
4429,ELOGIO
4430,UMA
4431,LA CANDELA
4432,CATINI
4433,COAZ
4434,RAKU
4435,JOVITA
4436,JOSELITO
4437,LA TOSCANA
4438,LA AMERICANA
4439,VALIDO
4440,VALIDO
4441,LOS NONOS
4442,LA NONA
4443,HERALDPLAST
4444,LURTON
4445,LOS ARBOLITOS
4446,PIEDRA NEGRA
4447,BODEGA PIEDRA NEGRA
4448,MAGALI
4449,LA CONSULTA
4450,LA CELIA
4451,GATO NEGRO
4452,GATOLIN
4453,NATUZEN
4454,OCEAN
4455,TIAMA
4456,TIA MARUCA
4457,HUMUS MONTANA
4458,CUARTO CRECIENTE
4459,GRANJASUR
4460,MORA
4461,K78 
4462,DELI
4463,DAOS
4464,ESTANCIA DONA LUISA
4465,MC CORMICK
4466,MAC CORMICK
4467,DONA LOLA
4468,ALDEA DE LOS ANDES
4469,VALBONA
4470,BONARDA
4471,AUGUSTO PULENTA
4472,PRIMER PREMIO
4473,PREMIO
4474,SUPER PRECIO
4475,CITRIC
4476,PETIT
4477,COINCO
4478,DORA WELL
4479,ESTRIBOR
4480,BABY BASIC
4481,TITO
4482,LEDEZMA
4483,TIMOSSI
4484,BABY FACE
4485,AMONIOL
4486,BEN
4487,PLASTITEL
4488,BRANY
4489,OLIVARES DEL SOL
4490,OLEVARES DEL SOL
4491,DON BENITO
4492,JBERRIES
4493,EARLIBLUE
4494,MARIA SILVINA
4495,VORAZ
4496,KONGO
4497,MAX VON
4498,MAINTENANCE CRIADORES
4499,QUEEN
4500,EL BROCAL
4501,AL BROCAL
4502,GARRISON
4503,INDALO
4504,SINCULPA
4505,DONA PAULA
4506,LOS CARDOS
4507,PAULA
4508,CAFE MARTINEZ
4509,PET'S LINE
4510,PET CLASS
4511,FRANTOIO SOTTANO
4512,YAUQUEN
4513,AIME
4514,LAGOA
4515,CASTILLO DULCE
4516,SAN JUSTO
4517,SARAVA
4518,VITA
4519,MI GATO
4520,ARPAN
4521,DERMO VAGISIL
4522,MAKE FRESH
4523,MEKE
4524,DIMAX
4525,BENEGAS
4526,CARMELA BENEGAS
4527,BENEGAS ESTATE
4528,MAPU CURA
4529,SOYARROZ
4530,BODYVIDA
4531,AIRES DE LUJAN
4532,FULBITO
4533,RAPSODIA
4534,SABORIN
4535,LACASA
4536,KAUFMAN
4537,APROPIADO
4538,PURISIMA
4539,FORMIDABLE
4540,PURISIMA
4541,DON MIRO
4542,CARO AMICI
4543,BELLFEME
4544,RIVER
4545,MUAA
4546,YAGMOUR
4547,DON RAMON
4548,ICIAR
4549,DELICIAS DEL ORIENTE
4550,TUCUMAN
4551,MONTE OLIVA
4552,DONA PUPA
4553,MIPUR
4554,SPA
4555,ESTILO SPA 
4556,FILIERES
4557,FIRIELES
4558,BLEND ITALIANO
4559,DRESSING
4560,CLINK
4561,TRIAL
4562,LABORUM
4563,AMAUTA
4564,DENTIFIX
4565,CROCK
4566,SIMPLI
4567,CHASQUE
4568,MR GOLD
4569,SALOME 
4570,SALOME
4571,MULATO
4572,LIBERTY
4573,QUEHUEN
4574,OLIVARES
4575,BORSA
4576,JORGE CUEVAS
4577,LA TRIESTINA
4578,TROPIC ISLAND
4579,NITA
4580,TRIESTIN
4581,BELLE CREAM
4582,ROLME
4583,DON JOHN
4584,MATEGRAS
4585,DONA
4586,AURORA
4587,VASIJA DE ORO
4588,VITA 1000
4589,SUGAR & SPICE
4590,NEWEN
4591,POSTALES DEL FIN DEL MUNDO
4592,FIN DEL MUNDO
4593,DEL FIN DEL MUNDO
4594,BODEGA DEL FIN DEL MUNDO
4595,COSECHA DE MAYO
4596,POSTALES
4597,LA PODEROSA
4598,VENTUS
4599,P 15
4600,P15
4601,FIN DEL MUNDO VINO
4602,SANTO PAN 
4603,DEL CIELO
4604,REY DE REYES 
4605,REY DE REYES
4606,LA VILMA
4607,SIMPLEZA 
4608,LA PUERTA
4609,LIMIT
4610,BAKE LOVE KOO
4611,GELTEK
4612,DOMAINE BOUSQUET
4613,BARBA ROJA
4614,EJEMPLAR
4615,FESTIVA
4616,CHATEAU
4617,BAN PLAST
4618,PROFILM
4619,BP
4620,PROLUMINIO
4621,GAGIOTTI
4622,SOU BLES
4623,BARLOVENTO
4624,FOSTER
4625,LORCA
4626,BENDITO PECADO
4627,ALMA ROJA
4628,ROADTED
4629,SABORITOS DE NIKEL
4630,FINCA SOPHENIA
4631,ALTOSUR
4632,SENOR DE SIPAN
4633,ALFONSINA
4634,KOKYTO
4635,PAULVIC
4636,GUIPURE
4637,DIVA
4638,LINDA FLOR
4639,FESTIVO
4640,PETIT FLEUR
4641,PETITE FLEUR
4642,INTI ZEN
4643,BARBERA
4644,MARIFLOR
4645,VAL DE FLORES
4646,VALLE DE FLORES
4647,CLOS DE LOS SIETE
4648,ABUELA MATULA
4649,COLOME
4650,TERRITORIO DE SALTA
4651,AMALAYA
4652,COMENDATORE
4653,ENRICO BARONESE
4654,BRAND BEAUTY
4655,DELICIAS DORADAS
4656,LEDEVIT
4657,CASA PUEBLO
4658,C PUEBLO
4659,BORLASCA
4660,CUNEO
4661,DELICIAS DORADA
4662,DONA DORA
4663,VINA SANTA MARIA
4664,FINCA GRANDE
4665,LA ELEGIDA
4666,BJ
4667,MAS
4668,MAS SUZIE
4669,KDENT
4670,EMA
4671,GOLDEN
4672,FEM FRUIT
4673,MR AJO
4674,LA MUNECA
4675,ECOTRASH
4676,3A
4677,SOTTANO
4678,ETNIA
4679,CRIA DE COSECHAS
4680,RIO
4681,FITO PLUS
4682,LUCERO
4683,PULENTA ESTATE
4684,LA FLOR
4685,VINECOL
4686,FINCA GABRIEL 
4687,SANTA IRENE
4688,LOS MEDANOS
4689,REDPURO
4690,MANCINI
4691,KEVINGSTON
4692,COCOT
4693,MAIPE
4694,CALLIA
4695,SIGNOS
4696,PYROS
4697,MALMA
4698,PICADA 15
4699,AMPAKAMA
4700,DON BALTAZAR
4701,FUEGO NEGRO
4702,BODEGA CASA MONTES
4703,1854
4704,CUP & CAPS
4705,IROBE
4706,FINCA DE SANTIAGO
4707,LA TANITA
4708,GAJO MINI
4709,OLIVA ILUSTRE
4710,ILUSTRE
4711,VENETO
4712,GIMENEZ RIILI
4713,DE NOS
4714,BUENOS HERMANOS
4715,SAUL MOCARBEL SRL
4716,PRESTO
4717,JAMER
4718,LES COSMETIQUES
4719,YATASTO
4720,YATASTO 
4721,GLUPS
4722,GOOD SHOW
4723,GOOD SHOW 
4724,KARINA RABOLINI
4725,SARKANY
4726,MONDO FRIZATTA
4727,MONDO FRIZZATTA
4728,MAITEN
4729,CITISOL
4730,EL JALISQUENO
4731,MC JOE
4732,ARANJUEZ
4733,FINCA GABRIEL
4734,JETTRO
4735,TEMBRAO
4736,DALE MARIA
4737,ARGENTITAS
4738,PINDY
4739,DALE
4740,CUSIAM
4741,SANDWICH
4742,SUPER DALE
4743,DILEXIS
4744,MANAOS
4745,LA BICHY AHORA
4746,VILLA MANAOS
4747,NANDITO
4748,VILLAMANAOS
4749,PLACER
4750,PINDAPOY
4751,AGUARIBAY
4752,XIRON
4753,SANA ELENA
4754,SANTA ELENE
4755,LA BABILONIA
4756,ASADO CLUB 
4757,ALBACLARA
4758,DON BENO
4759,LA GALLEGUITA
4760,RECUERDO
4761,QUERTOS
4762,DEMETRIUS
4763,FLANCHELLO
4764,POP XXI 
4765,ESTANCIA DON NUMO
4766,NUTRIBABY
4767,EL MANA
4768,RD
4769,DONA ASCENSION
4770,MAYUCO
4771,ANTIGAL I
4772,FINCA 878
4773,SUPER NANGAPIRI
4774,NANGAPIRI
4775,SENCILLO
4776,ALFATHRYN
4777,QK TOX
4778,HORMIKILL
4779,ITATI
4780,ESTRELLA DEL PARANA
4781,LAGO EPECUEN
4782,TAHITI
4783,TAHITI
4784,SAURUS
4785,DESEADO
4786,ROSA DE LOS VIENTOS
4787,SAURUS PINOT NOIR TARDIO
4788,FAMILIA SCHROEDER
4789,TAPIZ
4790,BRENNAN
4791,K&L
4792,EL RESGUARDO
4793,ANDELUNA
4794,CAMPO QUIJANO
4795,TAMARI
4796,LEYENDA
4797,AZAIT
4798,DAGUIRRE
4799,SOZ
4800,QUINTO SABOR
4801,LOS AMAYA
4802,LA NEGRITA
4803,DI PASCUALLE
4804,NATURELA
4805,FINCA LOS MAZA
4806,DON MAZA
4807,LA TURKITA
4808,SPEED
4809,MR ECONO
4810,MIA COCINA
4811,MANIERI
4812,BON WERT
4813,REGIDIET
4814,OLIVOS PASSER
4815,FINCA CAVE CANEM
4816,FINCA CAVE
4817,LA TORTERIA
4818,PUDDINGS
4819,DELICATESSEN
4820,PILLSBURY
4821,ALMAR
4822,UTILISIMA
4823,THE BEST
4824,PIEDRAS SANITARIAS
4825,SHREK
4826,PETS FUN
4827,EL GATO CON BOTAS
4828,LUZ DEL NORTE
4829,LA PENINSULA
4830,LA PENINSULA
4831,PETIT CARO
4832,ARTISTA
4833,NINI
4834,LA CHAMIZA
4835,VISTALBA
4836,TOMERO
4837,MEMABABY
4838,VALENTINA
4839,NANI
4840,DONA PASTA
4841,MONTEMAR
4842,LA MOCITA
4843,LA MOSITA
4844,120 ANOS
4845,OTRO MUNDO
4846,PARTRIDGE
4847,PARTRIDGE 
4848,PIATTELLI
4849,TERRAMARE
4850,TERREMARE
4851,ECOVITA
4852,OLIVARES DEL NORTE
4853,VAIANU
4854,LA SALONERA
4855,LOS GRILLOS
4856,RAMA DE ORO
4857,EZEGRIN
4858,TROZER
4859,STURLA
4860,MERCLIN
4861,MERCLIN
4862,PLENTY
4863,NAPAY
4864,PLENTY LIFE
4865,PURA FRESH
4866,PULIWEN
4867,TOSTEX
4868,VALENCIANO
4869,VITALITA
4870,BUDITTINI
4871,SINFONIA
4872,PCA
4873,ALMA NEGRA
4874,SIESTA
4875,ANIMAL
4876,PADRILLOS
4877,GRAN ENEMIGO
4878,DE BLANCS
4879,LOS PADRILLOS
4880,FU SHENG
4881,MARIAN ARYTZA
4882,ARYTZA
4883,MISTER BRILLO
4884,LA POTENA
4885,SOLO MIEL
4886,KROL
4887,ALIMENTOS FUNDACION FAVALORO
4888,CHENIN
4889,MANITOON
4890,SALVITA
4891,ARROYO
4892,FRISBIX
4893,EL MALLIN
4894,FINCA AIMO
4895,AGLU
4896,NORA SKILLS
4897,ALIMENTOS FUNDACION FAVALORO
4898,CHICHE
4899,TRACIA
4900,CHAMUYO
4901,DISMAY
4902,NATURAL
4903,NEW SCENT
4904,NEWSCENT
4905,BIOKITOL
4906,CORALINO
4907,YOGHURTUNGHE
4908,TIASTA
4909,ESQUINAS
4910,MANDALA
4911,FRIDA
4912,DUCIDA
4913,SANIDAD
4914,MY HOGAR
4915,ROLI SEC
4916,CACTUS
4917,CANDELA
4918,FUN CANDY
4919,CHUPA CHUPS
4920,FUN
4921,TWIST
4922,EXTREME
4923,FUN POP
4924,BUBBLE
4925,LA MONTEVIDEANA
4926,OSOLE MUNDIAL
4927,PAMPA GOURMET
4928,PAMPAGOURMET
4929,DUFRES
4930,VODKA BOLS
4931,HEROE
4932,HEROE
4933,AGOSTINO
4934,BODEGA FINCA AGOSTIN
4935,AGOSTINO INICIO
4936,TELTECA
4937,UMA COLECCION
4938,COPA DE ORO
4939,FACILITAS 
4940,EKO
4941,MAX AROMA
4942,ULTRAPEL
4943,INTEGRALIA
4944,SAN MARTIN
4945,SAN MARTIN
4946,LA PERDIZ
4947,CARABELA
4948,KOSAKO
4949,ORO DEL VALLE
4950,EL MAIZAL
4951,TRINI
4952,CEDRO AZUL
4953,TRINI STEVIA
4954,PAPIKS
4955,DEALER
4956,IGGOR
4957,RESERVA DE LOS ANDES
4958,GLASGOU
4959,VALLE DE LUNA
4960,LUNFA
4961,PAJARO ROJO
4962,FIDELLI
4963,DONACI
4964,GEISHA
4965,CHOCOLART
4966,CUVELIER LOS ANDES
4967,EUROSTIL
4968,MARIMBO
4969,DAME MANI
4970,DAHI
4971,FIBRAN CLEAN
4972,LINAS CHOICES
4973,EL CHANAR
4974,BARDAS DEL NEUQUEN
4975,LAS PARCHITAS
4976,HIDROCAMPO
4977,FRAGANCIAS PATAGONICAS
4978,BEAGLE
4979,SEI TU
4980,TUTTO
4981,CAVAS DE CRIANZA
4982,EL NIETO
4983,CASCABEL
4984,STA.ISABEL
4985,CHAMANA
4986,FAMIGLIA GULLO
4987,FAMIGLIA GULLO 
4988,GULLO
4989,ORGANIC SPA
4990,LA SUERTE
4991,FAINAX
4992,KINGFOOD
4993,PETS CLASS 
4994,AVICOLA VALLE FERTIL
4995,CHARLYTOS
4996,M
4997,GOYCOECHEA
4998,TRIATOP
4999,MA EVANS
5000,MULTI O
5001,TIO NACHO
5002,LA REINA
5003,MANTRA
5004,LA PRIMERA
5005,KARINAT
5006,CRISPY CUKS
5007,DIAMANDES
5008,L'ARGENTIN DE MALARTIC
5009,DIAMANDINA
5010,PRAGA
5011,NUTRISSIMA
5012,NUTRISSIMA
5013,EUGENIO BUSTOS
5014,LA TERESINA
5015,BONANZA
5016,LA PROVIDENCIA
5017,PROVIDENCIA
5018,FICA STELLA MARIS
5019,MOON
5020,MASGOOD
5021,DHUM CRACK
5022,FESTA
5023,SILVA
5024,GOTA
5025,PETRUCCELLI
5026,CASTELLANO
5027,MOLINOS DEL BOSQUE
5028,CARILO
5029,MAPUCHE
5030,CONOSUR
5031,SAN JUANITA
5032,SANJU
5033,SANJUANITA
5034,ORRADRE
5035,VALFRUTTA GRANCHEF
5036,HORNOLIM
5037,SANES
5038,UNICOOP
5039,SUR CREM
5040,HORVINDUL
5041,HONVINDUL
5042,OLIAN
5043,GOLSA
5044,BENOT
5045,RECIENTO
5046,EL FARO
5047,ARGENTINA
5048,BOTIK
5049,BEIRAMAR
5050,FELINO
5051,VINCENT
5052,NORTE Y SUR
5053,QUINTO ZALLA
5054,DELICIAS RIOJANAS
5055,AGUMA
5056,DULSEVIA
5057,DULCE CAIREL
5058,TAU DELTA
5059,TAUDELTA
5060,TAU
5061,MINI
5062,MARINERAS DE BAHIA
5063,OLIVOS DEL CARMEN
5064,REPOP
5065,MACROZEN
5066,SABORES DE SALTA
5067,MAXI CAO
5068,LATENTE
5069,RED LADY
5070,BODEGA CUARTO SURCO
5071,FAMILIA TIPO
5072,ZEDRYC
5073,ROAPIPO
5074,LINEA A
5075,FRANUI
5076,MEDITERRANEO
5077,JL
5078,JL 
5079,NUTRI BOTANICALS
5080,AGROSABOR
5081,PRIMERA SELECCION
5082,FONTANA TREVI 
5083,LOGRONO
5084,RUDA
5085,BUENALMA
5086,DOLCHE PATAGONIA
5087,SAN FRANCISCO
5088,LA FINCA
5089,MANI KING
5090,ACTIO
5091,YAP
5092,NARDA LEPES
5093,AVICOLA DON LUIS
5094,GOLD BEGINNING
5095,FRUTA3
5096,BOMPIU
5097,FANTASIA
5098,POM POM
5099,BABYMART
5100,GREAT VALUE FOOD
5101,NUTTY'S
5102,DE BAHIA
5103,MARADONA
5104,MELODIA
5105,PADOAN
5106,PODOAN
5107,EL VALLE DEL SENOR
5108,LIMPLAST
5109,TERRASANA
5110,TERRAVITA
5111,NATUEL
5112,CHUANGTONG
5113,ABUELA NATA
5114,LA HERMINIA
5115,DON CAMPOSTRINI
5116,RANCHO ALTO
5117,NUTRASWEET
5118,SHIO
5119,PACHA
5120,PACHA
5121,MI AMIGO
5122,DOG SELECTION
5123,CAT SELECTION
5124,SABORES DEL VALLE
5125,SABORES DEL VALLE 
5126,SABOR DEL VALLE
5127,BIGGYS
5128,RIANITOS
5129,PICOS CAMPEROS
5130,REGANAS
5131,CRISPPINO
5132,MISS V
5133,CECILIA
5134,LUCIA
5135,ATACAMA
5136,HUERTA GOURMET
5137,AHUMADERO USHUAIA
5138,ESTRELLA DE LOS ANDES
5139,CHAPA UNO
5140,TESORITAS
5141,NOLTACC
5142,PASTARROZ
5143,NONO PEPE
5144,LAS VIOLETAS
5145,CUSPIDE
5146,ITALOLIVA
5147,E COLIVA
5148,TONEL
5149,TONELES
5150,MOSQUITA MUERTA
5151,PERRO CALLEJERO
5152,PISPI
5153,SAPO DE OTRO POZO
5154,FUEGO BLANCO
5155,CONTRALUZ
5156,TONEL 46
5157,MOSCATINO
5158,CORDERO CON PIEL DE LOBO
5159,TERRENAL
5160,JACARANDA
5161,DELICEL
5162,GENIAL
5163,D ARGENTO
5164,FERNANDO FORTE
5165,EXALTACION DE LA CRUZ
5166,ESTACION DE LA CRUZ
5167,EL LENERITO
5168,SIMPLICITY
5169,SOL FA SOL
5170,MARCELO PELLERITI
5171,CERRO AZUL
5172,TAPA TOP
5173,LOS ANGELES
5174,ILUMINARTE
5175,LAS BRISAS
5176,SIMPLY GO
5177,ESE
5178,MARGEN AZUL
5179,FINCA LAS NUBES
5180,BULL DOG
5181,SIN PALABRAS
5182,HUERT
5183,VILLAGRAN
5184,UPSALA
5185,EL REY DE LA MEDIALUNA
5186,VENERABLE
5187,MIRTILO
5188,PUDDING
5189,MIMAGO
5190,GOURMET PATAGONICO
5191,GOURMET PATAGONICO
5192,AGUA DE LAS MISIONES
5193,VARITOS
5194,ORIZON
5195,OVOMAK
5196,SMOOKIES
5197,ARCO DE ORO
5198,PELL CAT
5199,RENAISSANCE
5200,LIASON
5201,CALLEJON DE LAS BRUJAS
5202,CELADOR
5203,GRENOBLE
5204,LIBERATO
5205,GOLTO
5206,2 CHINOS
5207,SNUKS
5208,DONA PACHA
5209,YUKITAS
5210,MANIPON
5211,ALFA PAMPA
5212,ALFAPAMPA
5213,CHIPS DE BATATITAS 
5214,RAICES
5215,ISOPLUS
5216,MAXX
5217,VIGOREM
5218,MAFALDA
5219,CRUZAT
5220,OLIVO SAGRADO
5221,LEGUME
5222,AZUCEL
5223,SANTA CANA
5224,BOOS
5225,DESIDERATA
5226,VIOLETA
5227,TASCANI
5228,HOT WEELS
5229,HUGO BOOS
5230,HERENCIA
5231,POLO CLUB
5232,CLOSER
5233,POLO
5234,ENFA BEBE
5235,DIABSORB
5236,BIYU
5237,APIS-MEL
5238,NUEVO MUNDO
5239,LYV
5240,SAL DE CAMPO
5241,LA GLORIA DE LA PEREGRINA
5242,LA PEREGRINA
5243,SANISIMOS
5244,URBAN FRESH
5245,URBANFRESH
5246,URBAN FRESH VENT 
5247,BUFFYS
5248,KROOMY
5249,BUFFY
5250,MUNSTA
5251,DASILVA
5252,SPECIAL WATER
5253,DALE VIDA
5254,DELTA
5255,OMEGA
5256,WELL
5257,NATURAL SEED
5258,AROMAS SPIRIT
5259,MATUTE
5260,ALTA MODA
5261,ALFAPARF
5262,PULP UP
5263,PULP UP!
5264,TRYMS
5265,TRYM'S
5266,AVICOLA ESPIL
5267,MIELES DEL CHACO
5268,NECTAR DE LOS DIOSES
5269,BEE POWER
5270,NECTAR DE LOS DIOSES
5271,BEEPOWER
5272,SMAMS
5273,SMAMS 
5274,LENNYS
5275,MAGLIA
5276,DRY WAY
5277,FORMAGGE
5278,WAZOO
5279,11 PUNTOS
5280,DONA ROSAS
5281,DONA ROSAS
5282,CABANA ARGENTINA
5283,GRIDO
5284,PAESE DEI SAPORI
5285,PAESE
5286,LUMACONI
5287,PEASE DEI SAPORI
5288,J&C
5289,TASTY CRUNCH
5290,MULTIMAX
5291,MMAX
5292,PURIFIC AIR 
5293,SAPHIRUS
5294,ANTOJITOS
5295,ANTOJITOS MEJICANOS
5296,BRAVAS
5297,PRASAT
5298,MOLINOS DE LOS ANDES
5299,CLANDESTINE
5300,ARRONOR
5301,YUM-YUM
5302,NUTRIPRO
5303,LEYENDA RUSA
5304,BAGEL
5305,CANVAS
5306,BREAD NET
5307,BREAD
5308,ALCHIMIA
5309,CURA TE ALMA
5310,GRANJA & MAR
5311,PATAGONIA VALLE
5312,COLESLAW
5313,PATAGONIA GOURMET
5314,BURBUJITAS 
5315,MULINI
5316,D&D
5317,VIAVITA
5318,LINDO GATITO
5319,PATAGONIA GRAINS
5320,CRACKINES
5321,LAZARO
5322,LA TORTERIA
5323,VINAS PUNTANAS
5324,PERSSIOTTO
5325,FOR GOOD
5326,ALWA
5327,CHOKY CHOC
5328,CROWIE
5329,PANACITY
5330,FAMILIA CARUSO
5331,123 LISTO!
5332,LUCUMA
5333,GAUCHITAS
5334,GAUCHITA
5335,DULCE ESTAMPA
5336,ARUBA
5337,PURAFRUTTA
5338,PURA FRUTA
5339,ARECO
5340,ZUMMY
5341,LA SPEZIA
5342,HOJAS DEL PILAR
5343,CUNITA
5344,FEMAG
5345,CANDY
5346,CANDY BABY
5347,RODEZ
5348,LUTECE
5349,PARENT'S CHOICE
5350,CELIDARINA
5351,AROMASS
5352,BONAR
5353,RED GLOBE
5354,FEEL & SMELL
5355,FEEL&SMELL
5356,SOFT C
5357,LA CHACHA
5358,DON CHICHO
5359,MAIKA
5360,PEDEMONTE
5361,TRASH
5362,NUTRILEZA
5363,OLIENKA
5364,PENON DEL AGUILA
5365,PENON DEL AGUILA
5366,PENON DEL AGUILA
5367,PENON DEL AGUILA 
5368,WIXS
5369,BIG C
5370,BIGC
5371,CHEGUEY
5372,MEDAVE
5373,TUTTI
5374,MR CHOCO
5375,BUONO
5376,TRATENFU
5377,DALE COCO
5378,MUSLIMIX
5379,ANGIOLA
5380,YATAY
5381,KHAMI
5382,DELUXE
5383,DELUXE & BLA BLA
5384,FINCA BALCARCE
5385,ENJOY
5386,SOLEMNE
5387,SOLEMNE 
5388,DESCOLLANTE 
5389,DESCOLLANTE
5390,LAYA
5391,NOBRELLI
5392,POSPY
5393,CASA
5394,NATURALOE
5395,BUENOS VIENTOS
5396,KUATI
5397,PURO SUR
5398,SUTAPA
5399,TOSTALINDO
5400,BARONESA
5401,SANTA CLARA
5402,ROCKSTAR
5403,EVERLAST
5404,SANTA OTILIA
5405,OCEAN BLUE
5406,CASA PETRINI
5407,VERIZZIA
5408,FATEKA
5409,ALL RICE
5410,IL CAPO
5411,MOLINO ROJO
5412,GOD BLESS YOU
5413,LA AVISPA
5414,SANCOR VIDA
5415,VIDA
5416,SANCOR YOGS
5417,LECHELITA
5418,LECHITA
5419,LASER POP
5420,PUNCHY MONKEY
5421,BITTER
5422,UTILISIMA
5423,FRUGGINA
5424,FRATELLI
5425,FAMILIA BEAUDROIT
5426,FLIA.BEAUDROIT
5427,FRESA DE NAHUEL
5428,VEQUA
5429,MUECAS
5430,MALU
5431,GANDARA
5432,VRINK
5433,MAMUU
5434,CAZENAVE
5435,TRES NINAS
5436,ANGELITA
5437,APOSTOLES
5438,RABIETA
5439,LA BERISO
5440,O'CLEAN
5441,DORIN'S
5442,TEREREICO
5443,NOT MAYO
5444,NOT ICE CREAM
5445,FIDELAC
5446,RIE LA HUERTA
5447,FU BAO
5448,SERVIO
5449,LAGO DEL FUERTE
5450,HERSHEY'S
5451,BETTER
5452,NEW PEL
5453,ALEU
5454,FISHER PRICE
5455,VISIV
5456,ST ANDREWS
5457,KUNSTMANN
5458,CAPEL
5459,CONTROL C
5460,CAREZZA
5461,CURICO
5462,CASILLERO DEL DIABLO
5463,MELO
5464,MILLEFIORI
5465,MELLIFIORI
5466,SUN PROGRESS
5467,MUNICH
5468,JABON GUAIRA
5469,GUAIRA
5470,IO
5471,LEVAPAN
5472,CAPITAN CUAC
5473,NESFIT
5474,FELIX
5475,BOOST POWDER
5476,ZUCOSOS
5477,SERENATA DE AMOR
5478,BAND AID
5479,KY
5480,OGX
5481,REACH
5482,JOHNSON
5483,MELITTA
5484,COLGATE 
5485,ODOLITO
5486,REPELEX
5487,LACTACYD
5488,NISSIN
5489,SALAD
5490,PLASVALE
5491,SAZON
5492,AJINOMOTO
5493,SKOL
5494,DOVE BABY
5495,HELLMANNS
5496,TRESEMME
5497,POP MANIA
5498,GOMES DA COSTA
5499,GDC
5500,RISQUE
5501,SADINESA
5502,BAUDUCCO
5503,SOBIESKI
5504,SANTISTA PRATA
5505,SANTISTA
5506,BETTANIN
5507,NOVICA
5508,BRILHUS
5509,KELLOGG'S  
5510,SOCOCO
5511,MAIS COCO
5512,STUDIO LINE
5513,CEPERA
5514,FOOD SERVICE
5515,ODERICH
5516,PLASUTIL
5517,CASTELO
5518,VELHO BARREIRO
5519,SEGAFREDO
5520,DOCIGOMA
5521,FELTEX
5522,PITU
5523,CANTU
5524,PERSONNA 
5525,COCO DO VALE
5526,DO VALE
5527,FRESHQUITAS
5528,SCHAR
5529,COLORAMA
5530,MISS YLANG
5531,EXPERT EYES
5532,QUICKFOOD S.A.
5533,LACTEOS LA CAPILLENSE
5534,SABROLAC
5535,LAVAZZA
5536,GAROFALO
5537,GAROFALO
5538,GAROLFO
5539,VICENZI
5540,SACLA
5541,DI SARONNO
5542,AGNESI
5543,DE CECCO
5544,INVERNI
5545,BIRRA MORETTI
5546,SCOTTI
5547,RISO SCOTTI
5548,VALENTINO
5549,ZANETTI
5550,LA DORIA
5551,CHICCO
5552,ILLY
5553,FRANGOLICO
5554,PASTA ZARA
5555,ANTICA
5556,LA MOLINASA
5557,GIUSEPPE FERRO
5558,MAJORA
5559,PASSATA MUTTI
5560,DIVELLA
5561,ORO CELLINI
5562,ALEXANDER
5563,CANEVARI
5564,ANGELO
5565,TAGLIATELLE NIDI
5566,BIBO
5567,ARICASA
5568,CANDOLINI BIANCA
5569,BALLARINI
5570,IL SALONE
5571,GRISBI
5572,BARILLA
5573,VOIELLO
5574,NAVARRO
5575,CZECHVAR
5576,TIO PEPE
5577,SOBERANO
5578,CHINCHON
5579,PINA
5580,ADOLFO DOMINGUEZ
5581,AGATHA RUIZ DE LA PRADA
5582,VIGILANTE
5583,GULLON
5584,SEGURA VIUDAS
5585,ESTRELLA DAMM
5586,INEDIT
5587,CAROLINA HERRERA
5588,ANTONIO BANDERAS
5589,SHAKIRA
5590,HER
5591,KING SEDUCTION
5592,QUEEN OF SEDUCTION
5593,NATURAL HONEY
5594,MG
5595,GARCIA BAQUERO
5596,GARCIA BAQUERO
5597,1906
5598,ESTRELLA GALICIA
5599,PRET A PORTER
5600,FERBA
5601,MAESE MIGUEL
5602,ROCINANTE
5603,LA LIDIA
5604,ISABEL
5605,UNITED DREAMS
5606,BENETTON
5607,PORXAS
5608,ANELA FRUITS
5609,VIAGGIO ESPRESS
5610,HOLDLMOSER
5611,OPI
5612,BONTE
5613,EL CHACARERO
5614,JUNIO
5615,PRIST
5616,BABYS
5617,BONTE
5618,INALP
5619,CUQUE
5620,MAGGE
5621,FINCA
5622,LEGUF
5623,URQUELL
5624,MIGONUT
5625,GLUCERNA
5626,AVIKO
5627,CLOSE-UP
5628,HERTOG JAN
5629,LA TRAPPE
5630,NEXXUS
5631,8.6
5632,DROSTE
5633,ORANJEBOOM
5634,3 HORSES
5635,WEIDMANN
5636,ELMEX
5637,GHERKIN
5638,ROYAL LEGER
5639,MAMY
5640,ESTAM
5641,BENAVIDEZ
5642,CMM
5643,SENDA
5644,SERENO
5645,MZ CHACINADOS
5646,JC
5647,CARY
5648,MURCOT
5649,LA HACIEDA BANDEJA
5650,NEXCARE
5651,PEZ
5652,DILMAH
5653,DANA
